Entity ID,Legal entity name,Short name,Legal form,Entity type,Level,Immediate parent ID,Immediate parent name,Ownership chain,Direct ownership %,Effective group ownership %,Non-controlling interest %,Non-controlling interest held by,Control basis,Consolidation method,Jurisdiction of incorporation,State / province,Registered office city,Registration no.,Tax registration no.,Date of incorporation,Functional currency,Financial year end,Entity status,Date of disposal,Business segment,Statutory auditor,Revenue FY26 (INR crore),Profit before tax FY26 (INR crore),Total assets FY26 (INR crore),% of group revenue,% of group assets,Headcount,SOX FY26 in scope,Scoping basis,Allocated performance materiality (INR crore),In-scope processes,Primary system,Notes
ALT-0001,Altura Infra Holdings Limited,Infra Holdings,Public limited company,Holding,0,,,ALT-0001,100,100,,,Ultimate parent,Parent,India,Maharashtra,Mumbai,U74140MH1994PLC957558,27VTRCQ4373K1Z1,1994-08-11,INR,31 March,Active,,Corporate & Shared Services,S. R. Batliboi & Associates LLP,44.9,34.03,1412.45,0.93,7.26,240,Yes,"Specific risk — group treasury, shared service centre or IT general controls",1.61,Procure to Pay; Payroll (Hire to Retire); Treasury; IT General Controls; Fixed Assets,Oracle EPM,Listed parent / platform holding company
ALT-0002,Altura Solar One Pvt Ltd,Solar One,Private limited company,Operating,1,ALT-0001,Altura Infra Holdings Limited,ALT-0001 > ALT-0002,100,100,0,,Voting rights,Full consolidation,India,Gujarat,Bhuj,U40106GJ2013PTC198560,24WOMCR2495H1Z5,2013-01-14,INR,31 March,Active,,Renewables,S. R. Batliboi & Associates LLP,292.86,7.84,1513.38,6.08,7.78,313,Yes,Individually significant — 3% or more of group revenue or assets,5.52,Order to Cash; Fixed Assets; Procure to Pay; Payroll (Hire to Retire),SAP S/4HANA,300 MW solar generation
ALT-0003,Altura Wind Two Pvt Ltd,Wind Two,Private limited company,Operating,1,ALT-0001,Altura Infra Holdings Limited,ALT-0001 > ALT-0003,100,100,0,,Voting rights,Full consolidation,India,Tamil Nadu,Tirunelveli,U40106TN2014PTC264158,33CXMCG3551V1Z2,2014-11-05,INR,31 March,Active,,Renewables,S. R. Batliboi & Associates LLP,185.48,3.91,868.99,3.85,4.47,210,Yes,Individually significant — 3% or more of group revenue or assets,3.82,Order to Cash; Fixed Assets; Procure to Pay; Payroll (Hire to Retire),SAP S/4HANA,180 MW wind generation
ALT-0004,Altura Roadways Pvt Ltd,Roadways,Private limited company,Operating,1,ALT-0001,Altura Infra Holdings Limited,ALT-0001 > ALT-0004,100,100,0,,Voting rights,Full consolidation,India,Maharashtra,Nagpur,U45203MH2011PTC496445,27DOVCK7457I1Z4,2011-02-20,INR,31 March,Active,,Transport,S. R. Batliboi & Associates LLP,370.97,5.73,1380.17,7.7,7.1,639,Yes,Individually significant — 3% or more of group revenue or assets,6.75,Order to Cash; Fixed Assets; Procure to Pay; Payroll (Hire to Retire),SAP S/4HANA,Toll road concession (NH-44)
ALT-0005,Altura Transmission Pvt Ltd,Transmission,Private limited company,Operating,1,ALT-0001,Altura Infra Holdings Limited,ALT-0001 > ALT-0005,74,74,26,State transmission utility,Voting rights,Full consolidation,India,Haryana,Gurugram,U40104HR2016PTC392911,06YCGCE1335A1Z0,2016-05-11,INR,31 March,Active,,Transmission & Metering,S. R. Batliboi & Associates LLP,244.05,8.54,1042.52,5.06,5.36,278,Yes,Individually significant — 3% or more of group revenue or assets,4.75,Order to Cash; Fixed Assets; Inventory; Payroll (Hire to Retire),SAP S/4HANA,400 kV transmission joint venture
ALT-0006,Altura Water Utilities Pvt Ltd,Water Utilities,Private limited company,Operating,1,ALT-0001,Altura Infra Holdings Limited,ALT-0001 > ALT-0006,51,51,49,Municipal corporation,Contractual — concession agreement,Full consolidation,India,Maharashtra,Pune,U36001MH2017PTC730628,27QUHCS4938H1Z8,2017-05-27,INR,31 March,Active,,Urban Utilities,S. R. Batliboi & Associates LLP,151.31,1.71,479.56,3.14,2.47,376,Yes,Individually significant — 3% or more of group revenue or assets,3.29,Order to Cash; Procure to Pay; Fixed Assets; Payroll (Hire to Retire),SAP S/4HANA,Water treatment & supply concession
ALT-0007,Altura Logistics Parks Pvt Ltd,Logistics Parks,Private limited company,Operating,1,ALT-0001,Altura Infra Holdings Limited,ALT-0001 > ALT-0007,100,100,0,,Voting rights,Full consolidation,India,Maharashtra,Bhiwandi,U63030MH2015PTC684968,27WNNCG5582Q1Z5,2015-05-09,INR,31 March,Active,,Logistics,S. R. Batliboi & Associates LLP,205,7.81,720.35,4.25,3.7,667,Yes,Individually significant — 3% or more of group revenue or assets,4.13,Order to Cash; Inventory; Fixed Assets; Payroll (Hire to Retire),SAP S/4HANA,Grade-A warehousing
ALT-0008,Altura Renewables Limited,Renewables,Public limited company,Holding,1,ALT-0001,Altura Infra Holdings Limited,ALT-0001 > ALT-0008,100,100,0,,Voting rights,Full consolidation,India,Maharashtra,Mumbai,U40106MH2018PLC245751,27MDECQ6926V1Z4,2018-10-10,INR,31 March,Active,,Renewables,S. R. Batliboi & Associates LLP,3.53,5.34,50.55,0.07,0.26,6,No,Not individually significant — below 3% of group revenue and assets,,,SAP S/4HANA,Renewables platform holding company
ALT-0009,Altura International Holdings B.V.,International Holdings,Besloten Vennootschap (B.V.),Holding,1,ALT-0001,Altura Infra Holdings Limited,ALT-0001 > ALT-0009,100,100,0,,Voting rights,Full consolidation,Netherlands,,Amsterdam,KvK 60572036,NL598559873B08,2017-12-10,EUR,31 December,Active,,International,Mazars Accountants N.V.,1.19,0.15,79.51,0.02,0.41,6,No,Not individually significant — below 3% of group revenue and assets,,,SAP S/4HANA,Overseas platform holding company
ALT-0010,Altura Shared Services Private Limited,Shared Services,Private limited company,Shared services,1,ALT-0001,Altura Infra Holdings Limited,ALT-0001 > ALT-0010,100,100,0,,Voting rights,Full consolidation,India,Telangana,Hyderabad,U74140TG2016PTC178921,36JCVCS4451K1Z0,2016-05-26,INR,31 March,Active,,Corporate & Shared Services,S. R. Batliboi & Associates LLP,117.14,3.92,113,2.43,0.58,493,Yes,"Specific risk — group treasury, shared service centre or IT general controls",2.75,Procure to Pay; Payroll (Hire to Retire); Treasury; IT General Controls; Fixed Assets,Oracle EPM,Group business services centre
ALT-0011,Altura Capital & Treasury Private Limited,Capital & Treasury,Private limited company,Operating,1,ALT-0001,Altura Infra Holdings Limited,ALT-0001 > ALT-0011,100,100,0,,Voting rights,Full consolidation,India,Maharashtra,Mumbai,U74140MH2015PTC014604,27NZHCC7617T1Z3,2015-02-04,INR,31 March,Active,,Corporate & Shared Services,S. R. Batliboi & Associates LLP,92.74,10.5,607.02,1.92,3.12,601,Yes,"Specific risk — group treasury, shared service centre or IT general controls",2.36,Procure to Pay; Payroll (Hire to Retire); Treasury; IT General Controls; Fixed Assets,Kyriba,Group treasury and funding
ALT-0012,Altura Solar Assets Pvt Ltd,Solar Assets,Private limited company,Holding,2,ALT-0002,Altura Solar One Pvt Ltd,ALT-0001 > ALT-0002 > ALT-0012,100,100,0,,Voting rights,Full consolidation,India,Gujarat,Ahmedabad,U40106GJ2016PTC682555,24VSXCA8690B1Z7,2016-02-27,INR,31 March,Active,,Renewables,S. R. Batliboi & Associates LLP,2.07,3.99,183.42,0.04,0.94,25,No,Not individually significant — below 3% of group revenue and assets,,,SAP S/4HANA,Solar SPV holding company
ALT-0013,Altura Solar O&M Pvt Ltd,Solar O&M,Private limited company,Operating,2,ALT-0002,Altura Solar One Pvt Ltd,ALT-0001 > ALT-0002 > ALT-0013,100,100,0,,Voting rights,Full consolidation,India,Gujarat,Bhuj,U40106GJ2017PTC435763,24CYZCH6299J1Z6,2017-01-19,INR,31 March,Active,,Renewables,S. R. Batliboi & Associates LLP,7.72,0.16,36.63,0.16,0.19,304,No,Not individually significant — below 3% of group revenue and assets,,,SAP S/4HANA,Solar operations & maintenance
ALT-0014,Altura Wind Assets Pvt Ltd,Wind Assets,Private limited company,Holding,2,ALT-0003,Altura Wind Two Pvt Ltd,ALT-0001 > ALT-0003 > ALT-0014,100,100,0,,Voting rights,Full consolidation,India,Tamil Nadu,Chennai,U40106TN2016PTC034280,33KHHCB5906A1Z0,2016-06-11,INR,31 March,Active,,Renewables,S. R. Batliboi & Associates LLP,3.39,5.38,78.32,0.07,0.4,13,No,Not individually significant — below 3% of group revenue and assets,,,SAP S/4HANA,Wind SPV holding company
ALT-0015,Altura Wind O&M Pvt Ltd,Wind O&M,Private limited company,Operating,2,ALT-0003,Altura Wind Two Pvt Ltd,ALT-0001 > ALT-0003 > ALT-0015,100,100,0,,Voting rights,Full consolidation,India,Tamil Nadu,Tirunelveli,U40106TN2017PTC720677,33LZZCK3117I1Z6,2017-10-02,INR,31 March,Active,,Renewables,S. R. Batliboi & Associates LLP,19.09,0.81,82.82,0.4,0.43,375,No,Not individually significant — below 3% of group revenue and assets,,,SAP S/4HANA,Wind operations & maintenance
ALT-0016,Altura Expressways Pvt Ltd,Expressways,Private limited company,Holding,2,ALT-0004,Altura Roadways Pvt Ltd,ALT-0001 > ALT-0004 > ALT-0016,100,100,0,,Voting rights,Full consolidation,India,Maharashtra,Nagpur,U45203MH2015PTC087957,27VYOCO6317V1Z5,2015-12-10,INR,31 March,Active,,Transport,S. R. Batliboi & Associates LLP,7.18,4.84,76.94,0.15,0.4,14,No,Not individually significant — below 3% of group revenue and assets,,,SAP S/4HANA,Expressway concession holding company
ALT-0017,Altura Highway Concessions Pvt Ltd,Highway Concessions,Private limited company,Holding,2,ALT-0004,Altura Roadways Pvt Ltd,ALT-0001 > ALT-0004 > ALT-0017,100,100,0,,Voting rights,Full consolidation,India,Telangana,Hyderabad,U45203TG2016PTC692982,36ITHCN2431Q1Z6,2016-01-13,INR,31 March,Active,,Transport,S. R. Batliboi & Associates LLP,0.87,5.79,48.2,0.02,0.25,5,No,Not individually significant — below 3% of group revenue and assets,,,SAP S/4HANA,Annuity and HAM road holding company
ALT-0018,Altura Tolling Services Pvt Ltd,Tolling Services,Private limited company,Operating,2,ALT-0004,Altura Roadways Pvt Ltd,ALT-0001 > ALT-0004 > ALT-0018,100,100,0,,Voting rights,Full consolidation,India,Maharashtra,Nagpur,U45203MH2018PTC664775,27EZHCQ8112X1Z9,2018-10-22,INR,31 March,Active,,Transport,S. R. Batliboi & Associates LLP,53.69,2.27,66.59,1.11,0.34,484,Yes,Coverage top-up — added to reach 72% of group revenue and 65% of group assets,1.75,Order to Cash; Fixed Assets; Procure to Pay; Payroll (Hire to Retire),SAP S/4HANA,Toll collection and plaza operations
ALT-0019,Altura Smart Metering Pvt Ltd,Smart Metering,Private limited company,Operating,2,ALT-0005,Altura Transmission Pvt Ltd,ALT-0001 > ALT-0005 > ALT-0019,100,74,0,,Voting rights,Full consolidation,India,Uttar Pradesh,Noida,U40104UP2019PTC686114,09TCBCF7401A1Z8,2019-02-08,INR,31 March,Active,,Transmission & Metering,S. R. Batliboi & Associates LLP,85.91,2.12,189.4,1.78,0.97,435,Yes,Coverage top-up — added to reach 72% of group revenue and 65% of group assets,2.25,Order to Cash; Fixed Assets; Inventory; Payroll (Hire to Retire),SAP S/4HANA,AMI smart-meter rollout
ALT-0020,Altura Grid Solutions Pvt Ltd,Grid Solutions,Private limited company,Operating,2,ALT-0005,Altura Transmission Pvt Ltd,ALT-0001 > ALT-0005 > ALT-0020,100,74,0,,Voting rights,Full consolidation,India,Haryana,Gurugram,U40104HR2018PTC151607,06ZQPCR6702H1Z4,2018-07-01,INR,31 March,Active,,Transmission & Metering,S. R. Batliboi & Associates LLP,70.29,1.99,125.91,1.46,0.65,410,Yes,Coverage top-up — added to reach 72% of group revenue and 65% of group assets,2.01,Order to Cash; Fixed Assets; Inventory; Payroll (Hire to Retire),SAP S/4HANA,Substation EPC and grid services
ALT-0021,Altura Transmission Assets Pvt Ltd,Transmission Assets,Private limited company,Holding,2,ALT-0005,Altura Transmission Pvt Ltd,ALT-0001 > ALT-0005 > ALT-0021,100,74,0,,Voting rights,Full consolidation,India,Rajasthan,Jaipur,U40104RJ2017PTC099212,08SNMCT5487N1Z9,2017-08-09,INR,31 March,Active,,Transmission & Metering,S. R. Batliboi & Associates LLP,7.08,5.44,38.2,0.15,0.2,21,No,Not individually significant — below 3% of group revenue and assets,,,SAP S/4HANA,Transmission line SPV holding company
ALT-0022,Altura Wastewater Pvt Ltd,Wastewater,Private limited company,Operating,2,ALT-0006,Altura Water Utilities Pvt Ltd,ALT-0001 > ALT-0006 > ALT-0022,100,51,0,,Voting rights,Full consolidation,India,Maharashtra,Pune,U36001MH2018PTC834835,27WUICL4833E1Z8,2018-12-07,INR,31 March,Active,,Urban Utilities,S. R. Batliboi & Associates LLP,5.75,0.14,14.02,0.12,0.07,366,No,Not individually significant — below 3% of group revenue and assets,,,SAP S/4HANA,Sewage treatment concessions
ALT-0023,Altura Municipal Services Pvt Ltd,Municipal Services,Private limited company,Operating,2,ALT-0006,Altura Water Utilities Pvt Ltd,ALT-0001 > ALT-0006 > ALT-0023,100,51,0,,Voting rights,Full consolidation,India,Maharashtra,Nashik,U36001MH2019PTC468991,27OJHCH9643Z1Z7,2019-08-25,INR,31 March,Active,,Urban Utilities,S. R. Batliboi & Associates LLP,24.55,0.49,63.22,0.51,0.33,78,No,Not individually significant — below 3% of group revenue and assets,,,SAP S/4HANA,Municipal solid waste and billing services
ALT-0024,Altura Cold Chain Pvt Ltd,Cold Chain,Private limited company,Operating,2,ALT-0007,Altura Logistics Parks Pvt Ltd,ALT-0001 > ALT-0007 > ALT-0024,100,100,0,,Voting rights,Full consolidation,India,Maharashtra,Bhiwandi,U63030MH2018PTC039104,27NPMCP9847Z1Z6,2018-07-15,INR,31 March,Active,,Logistics,S. R. Batliboi & Associates LLP,4.58,0.2,20.08,0.1,0.1,302,No,Not individually significant — below 3% of group revenue and assets,,,SAP S/4HANA,Temperature-controlled warehousing
ALT-0025,Altura Warehousing Assets Pvt Ltd,Warehousing Assets,Private limited company,Holding,2,ALT-0007,Altura Logistics Parks Pvt Ltd,ALT-0001 > ALT-0007 > ALT-0025,100,100,0,,Voting rights,Full consolidation,India,Maharashtra,Bhiwandi,U63030MH2017PTC707999,27PDKCV1026D1Z4,2017-05-05,INR,31 March,Active,,Logistics,S. R. Batliboi & Associates LLP,1.82,4.1,206.26,0.04,1.06,11,No,Not individually significant — below 3% of group revenue and assets,,,SAP S/4HANA,Warehousing park SPV holding company
ALT-0026,Altura Freight Forwarding Pvt Ltd,Freight Forwarding,Private limited company,Operating,2,ALT-0007,Altura Logistics Parks Pvt Ltd,ALT-0001 > ALT-0007 > ALT-0026,100,100,0,,Voting rights,Full consolidation,India,Maharashtra,Navi Mumbai,U63030MH2019PTC500693,27CFSCD7994F1Z7,2019-08-03,INR,31 March,Active,,Logistics,S. R. Batliboi & Associates LLP,3.37,0.15,7.05,0.07,0.04,88,No,Not individually significant — below 3% of group revenue and assets,,,SAP S/4HANA,Freight forwarding and customs brokerage
ALT-0027,Altura Solar Holdings Pvt Ltd,Solar Holdings,Private limited company,Holding,2,ALT-0008,Altura Renewables Limited,ALT-0001 > ALT-0008 > ALT-0027,100,100,0,,Voting rights,Full consolidation,India,Maharashtra,Mumbai,U40106MH2019PTC381389,27HCKCQ3667X1Z4,2019-07-23,INR,31 March,Active,,Renewables,S. R. Batliboi & Associates LLP,7.89,-0.39,74.74,0.16,0.38,15,No,Not individually significant — below 3% of group revenue and assets,,,SAP S/4HANA,Utility-scale solar platform
ALT-0028,Altura Wind Holdings Pvt Ltd,Wind Holdings,Private limited company,Holding,2,ALT-0008,Altura Renewables Limited,ALT-0001 > ALT-0008 > ALT-0028,100,100,0,,Voting rights,Full consolidation,India,Maharashtra,Mumbai,U40106MH2019PTC448385,27EOFCL1965Q1Z7,2019-04-12,INR,31 March,Active,,Renewables,S. R. Batliboi & Associates LLP,3.82,6.18,61.52,0.08,0.32,18,No,Not individually significant — below 3% of group revenue and assets,,,SAP S/4HANA,Utility-scale wind platform
ALT-0029,Altura Hybrid & Storage Pvt Ltd,Hybrid & Storage,Private limited company,Holding,2,ALT-0008,Altura Renewables Limited,ALT-0001 > ALT-0008 > ALT-0029,100,100,0,,Voting rights,Full consolidation,India,Karnataka,Bengaluru,U40106KA2020PTC656200,29PHJCF8305B1Z1,2020-03-28,INR,31 March,Active,,Renewables,S. R. Batliboi & Associates LLP,4.56,6.14,169.74,0.09,0.87,17,No,Not individually significant — below 3% of group revenue and assets,,,SAP S/4HANA,Hybrid and battery storage platform
ALT-0030,Altura Green Energy Trading Pvt Ltd,Green Energy Trading,Private limited company,Operating,2,ALT-0008,Altura Renewables Limited,ALT-0001 > ALT-0008 > ALT-0030,100,100,0,,Voting rights,Full consolidation,India,Maharashtra,Mumbai,U40106MH2021PTC738120,27TTGCP3800J1Z7,2021-01-27,INR,31 March,Active,,Renewables,S. R. Batliboi & Associates LLP,64.01,1.82,239.77,1.33,1.23,405,Yes,Coverage top-up — added to reach 72% of group revenue and 65% of group assets,1.91,Order to Cash; Fixed Assets; Procure to Pay; Payroll (Hire to Retire),SAP S/4HANA,Open-access power trading
ALT-0031,Altura Renewable Energy Services Pvt Ltd,Renewable Energy Services,Private limited company,Operating,2,ALT-0008,Altura Renewables Limited,ALT-0001 > ALT-0008 > ALT-0031,100,100,0,,Voting rights,Full consolidation,India,Maharashtra,Mumbai,U40106MH2020PTC452225,27OOXCB7502X1Z9,2020-05-26,INR,31 March,Active,,Renewables,S. R. Batliboi & Associates LLP,0.82,0.03,3.79,0.02,0.02,215,No,Not individually significant — below 3% of group revenue and assets,,,SAP S/4HANA,Asset management and advisory
ALT-0032,Altura Rooftop Solar Pvt Ltd,Rooftop Solar,Private limited company,Holding,2,ALT-0008,Altura Renewables Limited,ALT-0001 > ALT-0008 > ALT-0032,74,74,26,Financial investor,Voting rights,Full consolidation,India,Karnataka,Bengaluru,U40106KA2021PTC284364,29XPLCP7650U1Z8,2021-08-08,INR,31 March,Active,,Renewables,S. R. Batliboi & Associates LLP,4.82,4.81,31.74,0.1,0.16,6,No,Not individually significant — below 3% of group revenue and assets,,,SAP S/4HANA,Commercial & industrial rooftop platform
ALT-0033,Altura Energy Singapore Pte. Ltd.,Energy Singapore,Private limited company,Holding,2,ALT-0009,Altura International Holdings B.V.,ALT-0001 > ALT-0009 > ALT-0033,100,100,0,,Voting rights,Full consolidation,Singapore,,Singapore,UEN 201848194K,GST 16774444M,2018-01-01,SGD,31 December,Active,,International,RSM Chio Lim LLP,3.47,1.49,43.79,0.07,0.23,15,No,Not individually significant — below 3% of group revenue and assets,,,SAP S/4HANA,South-East Asia holding company
ALT-0034,Altura Renewables UK Limited,Renewables UK,Private limited company,Holding,2,ALT-0009,Altura International Holdings B.V.,ALT-0001 > ALT-0009 > ALT-0034,100,100,0,,Voting rights,Full consolidation,United Kingdom,,London,CRN 04134633,VAT GB 256510102,2019-11-02,GBP,31 December,Active,,International,BDO LLP,8.55,-0.89,166.41,0.18,0.86,2,No,Not individually significant — below 3% of group revenue and assets,,,SAP S/4HANA,UK and Ireland holding company
ALT-0035,"Altura Infra USA, Inc.","Infra USA,",Corporation,Holding,2,ALT-0009,Altura International Holdings B.V.,ALT-0001 > ALT-0009 > ALT-0035,100,100,0,,Voting rights,Full consolidation,United States,Delaware,Wilmington,DE File 0579550,EIN 66-1393374,2019-04-17,USD,31 December,Active,,International,Crowe LLP,5.48,0.62,58.83,0.11,0.3,13,No,Not individually significant — below 3% of group revenue and assets,,,SAP S/4HANA,North America holding company
ALT-0036,Altura Middle East FZ-LLC,Middle East,Free zone limited liability company,Holding,2,ALT-0009,Altura International Holdings B.V.,ALT-0001 > ALT-0009 > ALT-0036,100,100,0,,Voting rights,Full consolidation,United Arab Emirates,,Dubai,FZ-56362,TRN 484517702731288,2018-03-06,AED,31 December,Active,,International,Grant Thornton UAE,1.64,4.43,158.58,0.03,0.82,7,No,Not individually significant — below 3% of group revenue and assets,,,SAP S/4HANA,Middle East holding company
ALT-0037,Altura Australia Pty Ltd,Australia,Proprietary limited company,Holding,2,ALT-0009,Altura International Holdings B.V.,ALT-0001 > ALT-0009 > ALT-0037,100,100,0,,Voting rights,Full consolidation,Australia,New South Wales,Sydney,ACN 037764183,ABN 47786010929,2020-07-20,AUD,30 June,Active,,International,Pitcher Partners,2.09,0.02,199.63,0.04,1.03,18,No,Not individually significant — below 3% of group revenue and assets,,,SAP S/4HANA,Australia and New Zealand holding company
ALT-0038,Altura Deutschland GmbH,Deutschland,Gesellschaft mit beschränkter Haftung (GmbH),Holding,2,ALT-0009,Altura International Holdings B.V.,ALT-0001 > ALT-0009 > ALT-0038,100,100,0,,Voting rights,Full consolidation,Germany,,Frankfurt am Main,HRB 30431,USt-IdNr. DE857809499,2020-04-25,EUR,31 December,Active,,International,Rödl & Partner GmbH,6.77,0.43,38.38,0.14,0.2,21,No,Not individually significant — below 3% of group revenue and assets,,,SAP S/4HANA,Continental Europe holding company
ALT-0039,Altura Mauritius Holdings Ltd,Mauritius Holdings,Private company limited by shares,Holding,2,ALT-0009,Altura International Holdings B.V.,ALT-0001 > ALT-0009 > ALT-0039,100,100,0,,Voting rights,Full consolidation,Mauritius,,Ebène,C2940622,TAN 03843132,2016-06-09,USD,31 December,Active,,International,Nexia Baker & Arenson,8.7,2.79,97.38,0.18,0.5,20,No,Not individually significant — below 3% of group revenue and assets,,,SAP S/4HANA,Investment holding company
ALT-0040,Altura Africa Holdings Limited,Africa Holdings,Private limited company,Holding,2,ALT-0009,Altura International Holdings B.V.,ALT-0001 > ALT-0009 > ALT-0040,100,100,0,,Voting rights,Full consolidation,Kenya,,Nairobi,PVT-5909548,PIN P203763731X,2021-09-20,KES,31 December,Active,,International,PKF Kenya LLP,1.85,5.35,69.67,0.04,0.36,18,No,Not individually significant — below 3% of group revenue and assets,,,SAP S/4HANA,Sub-Saharan Africa holding company
ALT-0041,Altura Latam Holdings S.à r.l.,Latam Holdings,Société à responsabilité limitée,Holding,2,ALT-0009,Altura International Holdings B.V.,ALT-0001 > ALT-0009 > ALT-0041,100,100,0,,Voting rights,Full consolidation,Luxembourg,,Luxembourg,B267554,LU18165011,2020-12-05,EUR,31 December,Active,,International,Mazars Luxembourg S.A.,7.9,1.86,70.43,0.16,0.36,20,No,Not individually significant — below 3% of group revenue and assets,,,SAP S/4HANA,Latin America holding company
ALT-0042,Altura Asia Pacific Holdings Pte. Ltd.,Asia Pacific Holdings,Private limited company,Holding,2,ALT-0009,Altura International Holdings B.V.,ALT-0001 > ALT-0009 > ALT-0042,100,100,0,,Voting rights,Full consolidation,Singapore,,Singapore,UEN 202135532K,GST 76244203M,2021-07-18,SGD,31 December,Active,,International,RSM Chio Lim LLP,4.82,2.42,19.32,0.1,0.1,7,No,Not individually significant — below 3% of group revenue and assets,,,SAP S/4HANA,North Asia holding company
ALT-0043,Altura Technology Centre Pvt Ltd,Technology Centre,Private limited company,Operating,2,ALT-0010,Altura Shared Services Private Limited,ALT-0001 > ALT-0010 > ALT-0043,100,100,0,,Voting rights,Full consolidation,India,Telangana,Hyderabad,U74140TG2018PTC461941,36CTZCM7077H1Z5,2018-11-14,INR,31 March,Active,,Corporate & Shared Services,S. R. Batliboi & Associates LLP,56.62,2.74,58.52,1.17,0.3,742,Yes,"Specific risk — group treasury, shared service centre or IT general controls",1.79,Procure to Pay; Payroll (Hire to Retire); Treasury; IT General Controls; Fixed Assets,SAP S/4HANA,Group IT and application support
ALT-0044,Altura Business Process Services Pvt Ltd,Business Process Services,Private limited company,Shared services,2,ALT-0010,Altura Shared Services Private Limited,ALT-0001 > ALT-0010 > ALT-0044,100,100,0,,Voting rights,Full consolidation,India,Tamil Nadu,Coimbatore,U74140TN2019PTC934970,33IPJCT6506V1Z2,2019-08-25,INR,31 March,Active,,Corporate & Shared Services,S. R. Batliboi & Associates LLP,62.48,2.28,51.66,1.3,0.27,180,Yes,"Specific risk — group treasury, shared service centre or IT general controls",1.89,Procure to Pay; Payroll (Hire to Retire); Treasury; IT General Controls; Fixed Assets,Darwinbox,Finance and payroll shared service centre
ALT-0045,Altura Infra Finance Pvt Ltd,Infra Finance,Private limited company,Operating,2,ALT-0011,Altura Capital & Treasury Private Limited,ALT-0001 > ALT-0011 > ALT-0045,100,100,0,,Voting rights,Full consolidation,India,Maharashtra,Mumbai,U74140MH2017PTC677895,27RRPCX5409K1Z4,2017-08-15,INR,31 March,Active,,Corporate & Shared Services,S. R. Batliboi & Associates LLP,44.9,6.01,371.27,0.93,1.91,425,Yes,"Specific risk — group treasury, shared service centre or IT general controls",1.61,Procure to Pay; Payroll (Hire to Retire); Treasury; IT General Controls; Fixed Assets,Kyriba,Non-banking finance company (infrastructure)
ALT-0046,Altura Solar Rajasthan One Pvt Ltd,Solar Rajasthan One,Private limited company,SPV — project,3,ALT-0012,Altura Solar Assets Pvt Ltd,ALT-0001 > ALT-0002 > ALT-0012 > ALT-0046,100,100,0,,Voting rights,Full consolidation,India,Rajasthan,Jodhpur,U40106RJ2022PTC621001,08QCHCY4562T1Z1,2022-02-13,INR,31 March,Active,,Renewables,S. R. Batliboi & Associates LLP,1.29,0.06,4.04,0.03,0.02,36,No,Not individually significant — below 3% of group revenue and assets,,,SAP S/4HANA,300 MW solar generation
ALT-0047,Altura Solar Gujarat One Pvt Ltd,Solar Gujarat One,Private limited company,SPV — project,3,ALT-0012,Altura Solar Assets Pvt Ltd,ALT-0001 > ALT-0002 > ALT-0012 > ALT-0047,100,100,0,,Voting rights,Full consolidation,India,Gujarat,Patan,U40106GJ2021PTC220175,24UVTCS8872Q1Z4,2021-10-08,INR,31 March,Active,,Renewables,S. R. Batliboi & Associates LLP,22.31,0.86,109.2,0.46,0.56,25,No,Not individually significant — below 3% of group revenue and assets,,,SAP S/4HANA,364 MW solar generation
ALT-0048,Altura Solar Karnataka One Pvt Ltd,Solar Karnataka One,Private limited company,SPV — project,3,ALT-0012,Altura Solar Assets Pvt Ltd,ALT-0001 > ALT-0002 > ALT-0012 > ALT-0048,100,100,0,,Voting rights,Full consolidation,India,Karnataka,Gadag,U40106KA2023PTC149438,29FYGCN2775X1Z5,2023-08-16,INR,31 March,Active,,Renewables,S. R. Batliboi & Associates LLP,1.63,0.05,5.46,0.03,0.03,40,No,Not individually significant — below 3% of group revenue and assets,,,SAP S/4HANA,124 MW solar generation
ALT-0049,Altura Solar Madhya Pradesh One Pvt Ltd,Solar Madhya Pradesh One,Private limited company,SPV — project,3,ALT-0012,Altura Solar Assets Pvt Ltd,ALT-0001 > ALT-0002 > ALT-0012 > ALT-0049,100,100,0,,Voting rights,Full consolidation,India,Madhya Pradesh,Shajapur,U40106MP2013PTC264781,23PETCB7598D1Z1,2013-08-02,INR,31 March,Active,,Renewables,S. R. Batliboi & Associates LLP,7.29,-0.12,29.91,0.15,0.15,17,No,Not individually significant — below 3% of group revenue and assets,,,SAP S/4HANA,363 MW solar generation
ALT-0050,Altura Solar Andhra Pradesh One Pvt Ltd,Solar Andhra Pradesh One,Private limited company,SPV — project,3,ALT-0012,Altura Solar Assets Pvt Ltd,ALT-0001 > ALT-0002 > ALT-0012 > ALT-0050,100,100,0,,Voting rights,Full consolidation,India,Andhra Pradesh,Kurnool,U40106AP2021PTC976049,37DMGCW1266K1Z2,2021-12-10,INR,31 March,Active,,Renewables,S. R. Batliboi & Associates LLP,9.26,0.47,41.4,0.19,0.21,43,No,Not individually significant — below 3% of group revenue and assets,,,SAP S/4HANA,157 MW solar generation
ALT-0051,Altura Solar Telangana One Pvt Ltd,Solar Telangana One,Private limited company,SPV — project,3,ALT-0012,Altura Solar Assets Pvt Ltd,ALT-0001 > ALT-0002 > ALT-0012 > ALT-0051,100,100,0,,Voting rights,Full consolidation,India,Telangana,Nalgonda,U40106TG2021PTC728904,36OHOCD2937X1Z2,2021-04-04,INR,31 March,Active,,Renewables,S. R. Batliboi & Associates LLP,17.18,-0.42,67.74,0.36,0.35,4,No,Not individually significant — below 3% of group revenue and assets,,,SAP S/4HANA,300 MW solar generation
ALT-0052,Altura Solar Uttar Pradesh One Pvt Ltd,Solar Uttar Pradesh One,Private limited company,SPV — project,3,ALT-0012,Altura Solar Assets Pvt Ltd,ALT-0001 > ALT-0002 > ALT-0012 > ALT-0052,100,100,0,,Voting rights,Full consolidation,India,Uttar Pradesh,Noida,U40106UP2015PTC280066,09WXRCI4388U1Z9,2015-07-17,INR,31 March,Active,,Renewables,S. R. Batliboi & Associates LLP,0.55,0.03,2.82,0.01,0.01,7,No,Not individually significant — below 3% of group revenue and assets,,,SAP S/4HANA,378 MW solar generation
ALT-0053,Altura Solar Maharashtra One Pvt Ltd,Solar Maharashtra One,Private limited company,SPV — project,3,ALT-0012,Altura Solar Assets Pvt Ltd,ALT-0001 > ALT-0002 > ALT-0012 > ALT-0053,100,100,0,,Voting rights,Full consolidation,India,Maharashtra,Osmanabad,U40106MH2019PTC723763,27FJHCU9926V1Z4,2019-12-16,INR,31 March,Active,,Renewables,S. R. Batliboi & Associates LLP,7.94,0.21,37.33,0.16,0.19,3,No,Not individually significant — below 3% of group revenue and assets,,,SAP S/4HANA,102 MW solar generation
ALT-0054,Altura Solar Rajasthan Two Pvt Ltd,Solar Rajasthan Two,Private limited company,SPV — project,3,ALT-0012,Altura Solar Assets Pvt Ltd,ALT-0001 > ALT-0002 > ALT-0012 > ALT-0054,100,100,0,,Voting rights,Full consolidation,India,Rajasthan,Jodhpur,U40106RJ2018PTC915476,08QLJCP2447H1Z7,2018-08-14,INR,31 March,Active,,Renewables,S. R. Batliboi & Associates LLP,7.5,0.32,27.75,0.16,0.14,24,No,Not individually significant — below 3% of group revenue and assets,,,SAP S/4HANA,319 MW solar generation
ALT-0055,Altura Solar Gujarat Two Pvt Ltd,Solar Gujarat Two,Private limited company,SPV — project,3,ALT-0012,Altura Solar Assets Pvt Ltd,ALT-0001 > ALT-0002 > ALT-0012 > ALT-0055,100,100,0,,Voting rights,Full consolidation,India,Gujarat,Patan,U40106GJ2017PTC160888,24XTOCK7167R1Z5,2017-02-27,INR,31 March,Active,,Renewables,S. R. Batliboi & Associates LLP,0.31,0.02,0.98,0.01,0.01,22,No,Not individually significant — below 3% of group revenue and assets,,,SAP S/4HANA,136 MW solar generation
ALT-0056,Altura Solar Karnataka Two Pvt Ltd,Solar Karnataka Two,Private limited company,SPV — project,3,ALT-0012,Altura Solar Assets Pvt Ltd,ALT-0001 > ALT-0002 > ALT-0012 > ALT-0056,100,100,0,,Voting rights,Full consolidation,India,Karnataka,Gadag,U40106KA2022PTC074908,29NZICU1942S1Z5,2022-04-14,INR,31 March,Active,,Renewables,S. R. Batliboi & Associates LLP,1.01,0.02,5.34,0.02,0.03,51,No,Not individually significant — below 3% of group revenue and assets,,,SAP S/4HANA,301 MW solar generation
ALT-0057,Altura Solar Madhya Pradesh Two Pvt Ltd,Solar Madhya Pradesh Two,Private limited company,SPV — project,3,ALT-0012,Altura Solar Assets Pvt Ltd,ALT-0001 > ALT-0002 > ALT-0012 > ALT-0057,100,100,0,,Voting rights,Full consolidation,India,Madhya Pradesh,Shajapur,U40106MP2017PTC096133,23KFPCC1641A1Z0,2017-06-01,INR,31 March,Active,,Renewables,S. R. Batliboi & Associates LLP,3.31,-0.05,16.26,0.07,0.08,35,No,Not individually significant — below 3% of group revenue and assets,,,SAP S/4HANA,218 MW solar generation
ALT-0058,Altura Solar Park Madhya Pradesh One Pvt Ltd,Solar Park Madhya Pradesh One,Private limited company,SPV — project,3,ALT-0027,Altura Solar Holdings Pvt Ltd,ALT-0001 > ALT-0008 > ALT-0027 > ALT-0058,100,100,0,,Voting rights,Full consolidation,India,Madhya Pradesh,Neemuch,U40106MP2013PTC075522,23UOWCD7458F1Z7,2013-02-14,INR,31 March,Active,,Renewables,S. R. Batliboi & Associates LLP,2.73,0.08,8.95,0.06,0.05,47,No,Not individually significant — below 3% of group revenue and assets,,,SAP S/4HANA,226 MW solar generation
ALT-0059,Altura Solar Park Andhra Pradesh One Pvt Ltd,Solar Park Andhra Pradesh One,Private limited company,SPV — project,3,ALT-0027,Altura Solar Holdings Pvt Ltd,ALT-0001 > ALT-0008 > ALT-0027 > ALT-0059,100,100,0,,Voting rights,Full consolidation,India,Andhra Pradesh,Kadapa,U40106AP2018PTC518998,37UPOCZ9665M1Z6,2018-11-05,INR,31 March,Active,,Renewables,S. R. Batliboi & Associates LLP,19.66,0.66,107.72,0.41,0.55,16,No,Not individually significant — below 3% of group revenue and assets,,,SAP S/4HANA,348 MW solar generation
ALT-0060,Altura Solar Park Telangana One Pvt Ltd,Solar Park Telangana One,Private limited company,SPV — project,3,ALT-0027,Altura Solar Holdings Pvt Ltd,ALT-0001 > ALT-0008 > ALT-0027 > ALT-0060,100,100,0,,Voting rights,Full consolidation,India,Telangana,Warangal,U40106TG2013PTC353704,36DKYCO3586R1Z7,2013-09-26,INR,31 March,Active,,Renewables,S. R. Batliboi & Associates LLP,1.01,0.03,3.22,0.02,0.02,24,No,Not individually significant — below 3% of group revenue and assets,,,SAP S/4HANA,246 MW solar generation
ALT-0061,Altura Solar Park Uttar Pradesh One Pvt Ltd,Solar Park Uttar Pradesh One,Private limited company,SPV — project,3,ALT-0027,Altura Solar Holdings Pvt Ltd,ALT-0001 > ALT-0008 > ALT-0027 > ALT-0061,100,100,0,,Voting rights,Full consolidation,India,Uttar Pradesh,Jhansi,U40106UP2016PTC563639,09NTBCM6391T1Z1,2016-10-05,INR,31 March,Active,,Renewables,S. R. Batliboi & Associates LLP,5.21,-0.09,28.56,0.11,0.15,18,No,Not individually significant — below 3% of group revenue and assets,,,SAP S/4HANA,340 MW solar generation
ALT-0062,Altura Solar Park Maharashtra One Pvt Ltd,Solar Park Maharashtra One,Private limited company,SPV — project,3,ALT-0027,Altura Solar Holdings Pvt Ltd,ALT-0001 > ALT-0008 > ALT-0027 > ALT-0062,100,100,0,,Voting rights,Full consolidation,India,Maharashtra,Dhule,U40106MH2016PTC871590,27OAVCL8910N1Z3,2016-06-20,INR,31 March,Active,,Renewables,S. R. Batliboi & Associates LLP,3.93,0.17,14.43,0.08,0.07,52,No,Not individually significant — below 3% of group revenue and assets,,,SAP S/4HANA,444 MW solar generation
ALT-0063,Altura Solar Park Rajasthan One Pvt Ltd,Solar Park Rajasthan One,Private limited company,SPV — project,3,ALT-0027,Altura Solar Holdings Pvt Ltd,ALT-0001 > ALT-0008 > ALT-0027 > ALT-0063,100,100,0,,Voting rights,Full consolidation,India,Rajasthan,Jaisalmer,U40106RJ2015PTC780030,08FSHCD8300N1Z1,2015-05-08,INR,31 March,Active,,Renewables,S. R. Batliboi & Associates LLP,2.27,0.04,10.71,0.05,0.06,17,No,Not individually significant — below 3% of group revenue and assets,,,SAP S/4HANA,491 MW solar generation
ALT-0064,Altura Solar Park Gujarat One Pvt Ltd,Solar Park Gujarat One,Private limited company,SPV — project,3,ALT-0027,Altura Solar Holdings Pvt Ltd,ALT-0001 > ALT-0008 > ALT-0027 > ALT-0064,100,100,0,,Voting rights,Full consolidation,India,Gujarat,Rajkot,U40106GJ2016PTC196173,24SIJCB5609W1Z0,2016-05-05,INR,31 March,Active,,Renewables,S. R. Batliboi & Associates LLP,5.78,0.29,18.54,0.12,0.1,6,No,Not individually significant — below 3% of group revenue and assets,,,SAP S/4HANA,393 MW solar generation
ALT-0065,Altura Solar Park Karnataka One Pvt Ltd,Solar Park Karnataka One,Private limited company,SPV — project,3,ALT-0027,Altura Solar Holdings Pvt Ltd,ALT-0001 > ALT-0008 > ALT-0027 > ALT-0065,100,100,0,,Voting rights,Full consolidation,India,Karnataka,Pavagada,U40106KA2018PTC039762,29USECE3085L1Z1,2018-06-26,INR,31 March,Active,,Renewables,S. R. Batliboi & Associates LLP,18.31,0.38,62.77,0.38,0.32,16,No,Not individually significant — below 3% of group revenue and assets,,,SAP S/4HANA,481 MW solar generation
ALT-0066,Altura Solar Park Madhya Pradesh Two Pvt Ltd,Solar Park Madhya Pradesh Two,Private limited company,SPV — project,3,ALT-0027,Altura Solar Holdings Pvt Ltd,ALT-0001 > ALT-0008 > ALT-0027 > ALT-0066,100,100,0,,Voting rights,Full consolidation,India,Madhya Pradesh,Neemuch,U40106MP2018PTC398641,23YHBCB5886L1Z1,2018-05-07,INR,31 March,Active,,Renewables,S. R. Batliboi & Associates LLP,14.48,0.62,52.78,0.3,0.27,55,No,Not individually significant — below 3% of group revenue and assets,,,SAP S/4HANA,300 MW solar generation
ALT-0067,Altura Solar Park Andhra Pradesh Two Pvt Ltd,Solar Park Andhra Pradesh Two,Private limited company,SPV — project,3,ALT-0027,Altura Solar Holdings Pvt Ltd,ALT-0001 > ALT-0008 > ALT-0027 > ALT-0067,100,100,0,,Voting rights,Full consolidation,India,Andhra Pradesh,Kadapa,U40106AP2014PTC661105,37WMACB1665H1Z4,2014-01-13,INR,31 March,Active,,Renewables,S. R. Batliboi & Associates LLP,1.86,0.1,9.3,0.04,0.05,31,No,Not individually significant — below 3% of group revenue and assets,,,SAP S/4HANA,266 MW solar generation
ALT-0068,Altura Solar Park Telangana Two Pvt Ltd,Solar Park Telangana Two,Private limited company,SPV — project,3,ALT-0027,Altura Solar Holdings Pvt Ltd,ALT-0001 > ALT-0008 > ALT-0027 > ALT-0068,100,100,0,,Voting rights,Full consolidation,India,Telangana,Warangal,U40106TG2023PTC307484,36FNWCQ1842M1Z9,2023-01-26,INR,31 March,Active,,Renewables,S. R. Batliboi & Associates LLP,29.68,0.96,95.05,0.62,0.49,42,Yes,Coverage top-up — added to reach 72% of group revenue and 65% of group assets,1.37,Order to Cash; Fixed Assets; Procure to Pay,SAP S/4HANA,398 MW solar generation
ALT-0069,Altura Solar Park Uttar Pradesh Two Pvt Ltd,Solar Park Uttar Pradesh Two,Private limited company,SPV — project,3,ALT-0027,Altura Solar Holdings Pvt Ltd,ALT-0001 > ALT-0008 > ALT-0027 > ALT-0069,100,100,0,,Voting rights,Full consolidation,India,Uttar Pradesh,Jhansi,U40106UP2013PTC530799,09CHFCI6502G1Z5,2013-03-27,INR,31 March,Active,,Renewables,S. R. Batliboi & Associates LLP,11.64,0.31,40.16,0.24,0.21,30,No,Not individually significant — below 3% of group revenue and assets,,,SAP S/4HANA,458 MW solar generation
ALT-0070,Altura Wind Tamil Nadu One Pvt Ltd,Wind Tamil Nadu One,Private limited company,SPV — project,3,ALT-0014,Altura Wind Assets Pvt Ltd,ALT-0001 > ALT-0003 > ALT-0014 > ALT-0070,100,100,0,,Voting rights,Full consolidation,India,Tamil Nadu,Tuticorin,U40106TN2012PTC703596,33FODCY6788G1Z5,2012-04-28,INR,31 March,Active,,Renewables,S. R. Batliboi & Associates LLP,0.34,0.01,1.33,0.01,0.01,27,No,Not individually significant — below 3% of group revenue and assets,,,SAP S/4HANA,135 MW wind generation
ALT-0071,Altura Wind Gujarat One Pvt Ltd,Wind Gujarat One,Private limited company,SPV — project,3,ALT-0014,Altura Wind Assets Pvt Ltd,ALT-0001 > ALT-0003 > ALT-0014 > ALT-0071,100,100,0,,Voting rights,Full consolidation,India,Gujarat,Patan,U40106GJ2022PTC459328,24QYICQ4881Q1Z4,2022-01-12,INR,31 March,Active,,Renewables,S. R. Batliboi & Associates LLP,3.08,0.17,11.48,0.06,0.06,21,No,Not individually significant — below 3% of group revenue and assets,,,SAP S/4HANA,93 MW wind generation
ALT-0072,Altura Wind Karnataka One Pvt Ltd,Wind Karnataka One,Private limited company,SPV — project,3,ALT-0014,Altura Wind Assets Pvt Ltd,ALT-0001 > ALT-0003 > ALT-0014 > ALT-0072,100,100,0,,Voting rights,Full consolidation,India,Karnataka,Gadag,U40106KA2012PTC826807,29UCSCR4939O1Z2,2012-10-15,INR,31 March,Active,,Renewables,S. R. Batliboi & Associates LLP,1.9,0.08,6.7,0.04,0.03,35,No,Not individually significant — below 3% of group revenue and assets,,,SAP S/4HANA,104 MW wind generation
ALT-0073,Altura Wind Maharashtra One Pvt Ltd,Wind Maharashtra One,Private limited company,SPV — project,3,ALT-0014,Altura Wind Assets Pvt Ltd,ALT-0001 > ALT-0003 > ALT-0014 > ALT-0073,100,100,0,,Voting rights,Full consolidation,India,Maharashtra,Osmanabad,U40106MH2021PTC151713,27ILNCD9143P1Z3,2021-01-13,INR,31 March,Active,,Renewables,S. R. Batliboi & Associates LLP,2.4,-0.06,10.5,0.05,0.05,6,No,Not individually significant — below 3% of group revenue and assets,,,SAP S/4HANA,228 MW wind generation
ALT-0074,Altura Wind Andhra Pradesh One Pvt Ltd,Wind Andhra Pradesh One,Private limited company,SPV — project,3,ALT-0014,Altura Wind Assets Pvt Ltd,ALT-0001 > ALT-0003 > ALT-0014 > ALT-0074,100,100,0,,Voting rights,Full consolidation,India,Andhra Pradesh,Kurnool,U40106AP2015PTC897066,37UBPCD2531O1Z6,2015-10-28,INR,31 March,Active,,Renewables,S. R. Batliboi & Associates LLP,4.32,0.18,18.07,0.09,0.09,6,No,Not individually significant — below 3% of group revenue and assets,,,SAP S/4HANA,93 MW wind generation
ALT-0075,Altura Wind Rajasthan One Pvt Ltd,Wind Rajasthan One,Private limited company,SPV — project,3,ALT-0014,Altura Wind Assets Pvt Ltd,ALT-0001 > ALT-0003 > ALT-0014 > ALT-0075,100,100,0,,Voting rights,Full consolidation,India,Rajasthan,Bikaner,U40106RJ2023PTC814057,08TNOCE9076Y1Z7,2023-01-09,INR,31 March,Active,,Renewables,S. R. Batliboi & Associates LLP,6.23,0.12,24.76,0.13,0.13,21,No,Not individually significant — below 3% of group revenue and assets,,,SAP S/4HANA,137 MW wind generation
ALT-0076,Altura Wind Tamil Nadu Two Pvt Ltd,Wind Tamil Nadu Two,Private limited company,SPV — project,3,ALT-0014,Altura Wind Assets Pvt Ltd,ALT-0001 > ALT-0003 > ALT-0014 > ALT-0076,100,100,0,,Voting rights,Full consolidation,India,Tamil Nadu,Coimbatore,U40106TN2016PTC099883,33XAJCF2492O1Z7,2016-11-06,INR,31 March,Active,,Renewables,S. R. Batliboi & Associates LLP,1.94,0.08,9.13,0.04,0.05,13,No,Not individually significant — below 3% of group revenue and assets,,,SAP S/4HANA,243 MW wind generation
ALT-0077,Altura Wind Gujarat Two Pvt Ltd,Wind Gujarat Two,Private limited company,SPV — project,3,ALT-0014,Altura Wind Assets Pvt Ltd,ALT-0001 > ALT-0003 > ALT-0014 > ALT-0077,100,100,0,,Voting rights,Full consolidation,India,Gujarat,Rajkot,U40106GJ2012PTC463971,24HACCD4901H1Z2,2012-06-23,INR,31 March,Active,,Renewables,S. R. Batliboi & Associates LLP,2.8,0.07,9.92,0.06,0.05,37,No,Not individually significant — below 3% of group revenue and assets,,,SAP S/4HANA,109 MW wind generation
ALT-0078,Altura Wind Karnataka Two Pvt Ltd,Wind Karnataka Two,Private limited company,SPV — project,3,ALT-0014,Altura Wind Assets Pvt Ltd,ALT-0001 > ALT-0003 > ALT-0014 > ALT-0078,100,100,0,,Voting rights,Full consolidation,India,Karnataka,Pavagada,U40106KA2020PTC197017,29MSMCQ2895E1Z8,2020-10-13,INR,31 March,Active,,Renewables,S. R. Batliboi & Associates LLP,4.54,0.11,17.43,0.09,0.09,39,No,Not individually significant — below 3% of group revenue and assets,,,SAP S/4HANA,142 MW wind generation
ALT-0079,Altura Wind Maharashtra Two Pvt Ltd,Wind Maharashtra Two,Private limited company,SPV — project,3,ALT-0014,Altura Wind Assets Pvt Ltd,ALT-0001 > ALT-0003 > ALT-0014 > ALT-0079,100,100,0,,Voting rights,Full consolidation,India,Maharashtra,Dhule,U40106MH2018PTC967017,27KVTCO2757T1Z0,2018-06-17,INR,31 March,Active,,Renewables,S. R. Batliboi & Associates LLP,26.56,1.01,119.46,0.55,0.61,11,Yes,Coverage top-up — added to reach 72% of group revenue and 65% of group assets,1.32,Order to Cash; Fixed Assets; Procure to Pay,SAP S/4HANA,105 MW wind generation
ALT-0080,Altura Windfarm Karnataka One Pvt Ltd,Windfarm Karnataka One,Private limited company,SPV — project,3,ALT-0028,Altura Wind Holdings Pvt Ltd,ALT-0001 > ALT-0008 > ALT-0028 > ALT-0080,100,100,0,,Voting rights,Full consolidation,India,Karnataka,Gadag,U40106KA2012PTC221524,29FHNCO5859P1Z8,2012-05-13,INR,31 March,Active,,Renewables,S. R. Batliboi & Associates LLP,5.65,0.09,30.89,0.12,0.16,53,No,Not individually significant — below 3% of group revenue and assets,,,SAP S/4HANA,76 MW wind generation
ALT-0081,Altura Windfarm Maharashtra One Pvt Ltd,Windfarm Maharashtra One,Private limited company,SPV — project,3,ALT-0028,Altura Wind Holdings Pvt Ltd,ALT-0001 > ALT-0008 > ALT-0028 > ALT-0081,100,100,0,,Voting rights,Full consolidation,India,Maharashtra,Osmanabad,U40106MH2015PTC104816,27HTICD7424K1Z8,2015-11-10,INR,31 March,Active,,Renewables,S. R. Batliboi & Associates LLP,0.67,0.02,2.16,0.01,0.01,49,No,Not individually significant — below 3% of group revenue and assets,,,SAP S/4HANA,194 MW wind generation
ALT-0082,Altura Windfarm Andhra Pradesh One Pvt Ltd,Windfarm Andhra Pradesh One,Private limited company,SPV — project,3,ALT-0028,Altura Wind Holdings Pvt Ltd,ALT-0001 > ALT-0008 > ALT-0028 > ALT-0082,100,100,0,,Voting rights,Full consolidation,India,Andhra Pradesh,Kurnool,U40106AP2017PTC329989,37REUCE8559R1Z6,2017-04-06,INR,31 March,Active,,Renewables,S. R. Batliboi & Associates LLP,5.96,-0.15,22.73,0.12,0.12,13,No,Not individually significant — below 3% of group revenue and assets,,,SAP S/4HANA,137 MW wind generation
ALT-0083,Altura Windfarm Rajasthan One Pvt Ltd,Windfarm Rajasthan One,Private limited company,SPV — project,3,ALT-0028,Altura Wind Holdings Pvt Ltd,ALT-0001 > ALT-0008 > ALT-0028 > ALT-0083,100,100,0,,Voting rights,Full consolidation,India,Rajasthan,Bikaner,U40106RJ2018PTC632697,08OBMCV2159Z1Z3,2018-08-13,INR,31 March,Active,,Renewables,S. R. Batliboi & Associates LLP,7.84,0.14,38.04,0.16,0.2,17,No,Not individually significant — below 3% of group revenue and assets,,,SAP S/4HANA,158 MW wind generation
ALT-0084,Altura Windfarm Tamil Nadu One Pvt Ltd,Windfarm Tamil Nadu One,Private limited company,SPV — project,3,ALT-0028,Altura Wind Holdings Pvt Ltd,ALT-0001 > ALT-0008 > ALT-0028 > ALT-0084,100,100,0,,Voting rights,Full consolidation,India,Tamil Nadu,Coimbatore,U40106TN2017PTC348418,33YAXCQ4958P1Z0,2017-02-21,INR,31 March,Active,,Renewables,S. R. Batliboi & Associates LLP,6.61,0.16,23.21,0.14,0.12,54,No,Not individually significant — below 3% of group revenue and assets,,,SAP S/4HANA,189 MW wind generation
ALT-0085,Altura Windfarm Gujarat One Pvt Ltd,Windfarm Gujarat One,Private limited company,SPV — project,3,ALT-0028,Altura Wind Holdings Pvt Ltd,ALT-0001 > ALT-0008 > ALT-0028 > ALT-0085,100,100,0,,Voting rights,Full consolidation,India,Gujarat,Rajkot,U40106GJ2019PTC743973,24EVPCE3211O1Z7,2019-08-14,INR,31 March,Active,,Renewables,S. R. Batliboi & Associates LLP,7.03,0.29,36.98,0.15,0.19,48,No,Not individually significant — below 3% of group revenue and assets,,,SAP S/4HANA,157 MW wind generation
ALT-0086,Altura Windfarm Karnataka Two Pvt Ltd,Windfarm Karnataka Two,Private limited company,SPV — project,3,ALT-0028,Altura Wind Holdings Pvt Ltd,ALT-0001 > ALT-0008 > ALT-0028 > ALT-0086,100,100,0,,Voting rights,Full consolidation,India,Karnataka,Pavagada,U40106KA2018PTC440204,29YOICF6277Z1Z3,2018-11-17,INR,31 March,Active,,Renewables,S. R. Batliboi & Associates LLP,2.8,0.14,8.86,0.06,0.05,9,No,Not individually significant — below 3% of group revenue and assets,,,SAP S/4HANA,126 MW wind generation
ALT-0087,Altura Windfarm Maharashtra Two Pvt Ltd,Windfarm Maharashtra Two,Private limited company,SPV — project,3,ALT-0028,Altura Wind Holdings Pvt Ltd,ALT-0001 > ALT-0008 > ALT-0028 > ALT-0087,100,100,0,,Voting rights,Full consolidation,India,Maharashtra,Dhule,U40106MH2022PTC695363,27HDTCK1376E1Z2,2022-06-09,INR,31 March,Active,,Renewables,S. R. Batliboi & Associates LLP,2.24,0.12,10.55,0.05,0.05,53,No,Not individually significant — below 3% of group revenue and assets,,,SAP S/4HANA,68 MW wind generation
ALT-0088,Altura Hybrid Telangana One Pvt Ltd,Hybrid Telangana One,Private limited company,SPV — project,3,ALT-0029,Altura Hybrid & Storage Pvt Ltd,ALT-0001 > ALT-0008 > ALT-0029 > ALT-0088,100,100,0,,Voting rights,Full consolidation,India,Telangana,Warangal,U40106TG2022PTC740551,36AKCCV7940W1Z4,2022-07-05,INR,31 March,Active,,Renewables,S. R. Batliboi & Associates LLP,5.55,0.1,27.89,0.12,0.14,40,No,Not individually significant — below 3% of group revenue and assets,,,SAP S/4HANA,196 MW hybrid with 67 MWh storage
ALT-0089,Altura Hybrid Uttar Pradesh One Pvt Ltd,Hybrid Uttar Pradesh One,Private limited company,SPV — project,3,ALT-0029,Altura Hybrid & Storage Pvt Ltd,ALT-0001 > ALT-0008 > ALT-0029 > ALT-0089,100,100,0,,Voting rights,Full consolidation,India,Uttar Pradesh,Jhansi,U40106UP2019PTC334983,09PDECB8606B1Z9,2019-08-03,INR,31 March,Active,,Renewables,S. R. Batliboi & Associates LLP,1.98,0.08,8.74,0.04,0.04,37,No,Not individually significant — below 3% of group revenue and assets,,,SAP S/4HANA,238 MW hybrid with 20 MWh storage
ALT-0090,Altura Hybrid Maharashtra One Pvt Ltd,Hybrid Maharashtra One,Private limited company,SPV — project,3,ALT-0029,Altura Hybrid & Storage Pvt Ltd,ALT-0001 > ALT-0008 > ALT-0029 > ALT-0090,100,100,0,,Voting rights,Full consolidation,India,Maharashtra,Dhule,U40106MH2015PTC573240,27CYKCO6795M1Z6,2015-08-04,INR,31 March,Active,,Renewables,S. R. Batliboi & Associates LLP,0.92,0.03,2.9,0.02,0.01,29,No,Not individually significant — below 3% of group revenue and assets,,,SAP S/4HANA,164 MW hybrid with 89 MWh storage
ALT-0091,Altura Hybrid Rajasthan One Pvt Ltd,Hybrid Rajasthan One,Private limited company,SPV — project,3,ALT-0029,Altura Hybrid & Storage Pvt Ltd,ALT-0001 > ALT-0008 > ALT-0029 > ALT-0091,100,100,0,,Voting rights,Full consolidation,India,Rajasthan,Jaisalmer,U40106RJ2019PTC892279,08LGWCE1663Z1Z4,2019-04-05,INR,31 March,Active,,Renewables,S. R. Batliboi & Associates LLP,3.3,0.13,13.75,0.07,0.07,25,No,Not individually significant — below 3% of group revenue and assets,,,SAP S/4HANA,344 MW hybrid with 27 MWh storage
ALT-0092,Altura Hybrid Gujarat One Pvt Ltd,Hybrid Gujarat One,Private limited company,SPV — project,3,ALT-0029,Altura Hybrid & Storage Pvt Ltd,ALT-0001 > ALT-0008 > ALT-0029 > ALT-0092,100,100,0,,Voting rights,Full consolidation,India,Gujarat,Rajkot,U40106GJ2016PTC828209,24PAECE6213T1Z4,2016-12-26,INR,31 March,Active,,Renewables,S. R. Batliboi & Associates LLP,34.31,0.86,118.51,0.71,0.61,28,Yes,Coverage top-up — added to reach 72% of group revenue and 65% of group assets,1.44,Order to Cash; Fixed Assets; Procure to Pay,SAP S/4HANA,250 MW hybrid with 22 MWh storage
ALT-0093,Altura Hybrid Karnataka One Pvt Ltd,Hybrid Karnataka One,Private limited company,SPV — project,3,ALT-0029,Altura Hybrid & Storage Pvt Ltd,ALT-0001 > ALT-0008 > ALT-0029 > ALT-0093,100,100,0,,Voting rights,Full consolidation,India,Karnataka,Pavagada,U40106KA2017PTC644957,29BYOCG3557T1Z0,2017-04-23,INR,31 March,Active,,Renewables,S. R. Batliboi & Associates LLP,3.06,0.11,12.32,0.06,0.06,5,No,Not individually significant — below 3% of group revenue and assets,,,SAP S/4HANA,152 MW hybrid with 73 MWh storage
ALT-0094,Altura Hybrid Madhya Pradesh One Pvt Ltd,Hybrid Madhya Pradesh One,Private limited company,SPV — project,3,ALT-0029,Altura Hybrid & Storage Pvt Ltd,ALT-0001 > ALT-0008 > ALT-0029 > ALT-0094,100,100,0,,Voting rights,Full consolidation,India,Madhya Pradesh,Neemuch,U40106MP2021PTC258749,23DTNCQ7628X1Z9,2021-07-17,INR,31 March,Active,,Renewables,S. R. Batliboi & Associates LLP,22.82,0.97,77.3,0.47,0.4,39,No,Not individually significant — below 3% of group revenue and assets,,,SAP S/4HANA,130 MW hybrid with 58 MWh storage
ALT-0095,Altura Hybrid Andhra Pradesh One Pvt Ltd,Hybrid Andhra Pradesh One,Private limited company,SPV — project,3,ALT-0029,Altura Hybrid & Storage Pvt Ltd,ALT-0001 > ALT-0008 > ALT-0029 > ALT-0095,100,100,0,,Voting rights,Full consolidation,India,Andhra Pradesh,Kadapa,U40106AP2012PTC336084,37SMDCW7934R1Z0,2012-04-18,INR,31 March,Active,,Renewables,S. R. Batliboi & Associates LLP,8.43,0.15,42.03,0.17,0.22,48,No,Not individually significant — below 3% of group revenue and assets,,,SAP S/4HANA,339 MW hybrid with 63 MWh storage
ALT-0096,Altura Rooftop Bengaluru Pvt Ltd,Rooftop Bengaluru,Private limited company,SPV — project,3,ALT-0032,Altura Rooftop Solar Pvt Ltd,ALT-0001 > ALT-0008 > ALT-0032 > ALT-0096,100,74,0,,Voting rights,Full consolidation,India,Karnataka,Bengaluru,U40106KA2016PTC817860,29LZWCQ7554L1Z6,2016-04-23,INR,31 March,Active,,Renewables,S. R. Batliboi & Associates LLP,0.95,0.03,3.63,0.02,0.02,44,No,Not individually significant — below 3% of group revenue and assets,,,SAP S/4HANA,36 MWp commercial rooftop portfolio
ALT-0097,Altura Rooftop Pune Pvt Ltd,Rooftop Pune,Private limited company,SPV — project,3,ALT-0032,Altura Rooftop Solar Pvt Ltd,ALT-0001 > ALT-0008 > ALT-0032 > ALT-0097,100,74,0,,Voting rights,Full consolidation,India,Maharashtra,Pune,U40106MH2018PTC979020,27COOCU5838R1Z8,2018-04-04,INR,31 March,Active,,Renewables,S. R. Batliboi & Associates LLP,7.59,0.32,27.67,0.16,0.14,13,No,Not individually significant — below 3% of group revenue and assets,,,SAP S/4HANA,16 MWp commercial rooftop portfolio
ALT-0098,Altura Rooftop Chennai Pvt Ltd,Rooftop Chennai,Private limited company,SPV — project,3,ALT-0032,Altura Rooftop Solar Pvt Ltd,ALT-0001 > ALT-0008 > ALT-0032 > ALT-0098,100,74,0,,Voting rights,Full consolidation,India,Tamil Nadu,Coimbatore,U40106TN2015PTC682307,33YYLCI9798X1Z3,2015-12-01,INR,31 March,Active,,Renewables,S. R. Batliboi & Associates LLP,10.68,0.17,49.94,0.22,0.26,11,No,Not individually significant — below 3% of group revenue and assets,,,SAP S/4HANA,43 MWp commercial rooftop portfolio
ALT-0099,Altura Rooftop Gurugram Pvt Ltd,Rooftop Gurugram,Private limited company,SPV — project,3,ALT-0032,Altura Rooftop Solar Pvt Ltd,ALT-0001 > ALT-0008 > ALT-0032 > ALT-0099,100,74,0,,Voting rights,Full consolidation,India,Haryana,Gurugram,U40106HR2013PTC796500,06ATACI9386L1Z9,2013-04-27,INR,31 March,Active,,Renewables,S. R. Batliboi & Associates LLP,8.53,0.16,41.15,0.18,0.21,46,No,Not individually significant — below 3% of group revenue and assets,,,SAP S/4HANA,41 MWp commercial rooftop portfolio
ALT-0100,Altura Rooftop Ahmedabad Pvt Ltd,Rooftop Ahmedabad,Private limited company,SPV — project,3,ALT-0032,Altura Rooftop Solar Pvt Ltd,ALT-0001 > ALT-0008 > ALT-0032 > ALT-0100,100,74,0,,Voting rights,Full consolidation,India,Gujarat,Rajkot,U40106GJ2014PTC023713,24VNTCF9477H1Z5,2014-06-14,INR,31 March,Active,,Renewables,S. R. Batliboi & Associates LLP,2.11,0.11,10.9,0.04,0.06,40,No,Not individually significant — below 3% of group revenue and assets,,,SAP S/4HANA,42 MWp commercial rooftop portfolio
ALT-0101,Altura Rooftop Hyderabad Pvt Ltd,Rooftop Hyderabad,Private limited company,SPV — project,3,ALT-0032,Altura Rooftop Solar Pvt Ltd,ALT-0001 > ALT-0008 > ALT-0032 > ALT-0101,100,74,0,,Voting rights,Full consolidation,India,Telangana,Hyderabad,U40106TG2018PTC223335,36QQKCW1125V1Z7,2018-11-16,INR,31 March,Active,,Renewables,S. R. Batliboi & Associates LLP,1.48,0.04,5.15,0.03,0.03,54,No,Not individually significant — below 3% of group revenue and assets,,,SAP S/4HANA,31 MWp commercial rooftop portfolio
ALT-0102,Altura Nagpur Betul Tollway Pvt Ltd,Nagpur Betul Tollway,Private limited company,SPV — project,3,ALT-0016,Altura Expressways Pvt Ltd,ALT-0001 > ALT-0004 > ALT-0016 > ALT-0102,100,100,0,,Voting rights,Full consolidation,India,Maharashtra,Nagpur,U45203MH2014PTC859725,27YZRCH5192B1Z8,2014-01-21,INR,31 March,Active,,Transport,S. R. Batliboi & Associates LLP,9.04,0.08,32.51,0.19,0.17,30,No,Not individually significant — below 3% of group revenue and assets,,,SAP S/4HANA,126 km BOT-toll concession
ALT-0103,Altura Solapur Bijapur Tollway Pvt Ltd,Solapur Bijapur Tollway,Private limited company,SPV — project,3,ALT-0016,Altura Expressways Pvt Ltd,ALT-0001 > ALT-0004 > ALT-0016 > ALT-0103,100,100,0,,Voting rights,Full consolidation,India,Maharashtra,Solapur,U45203MH2023PTC405862,27SAFCA6774F1Z4,2023-04-07,INR,31 March,Active,,Transport,S. R. Batliboi & Associates LLP,7.28,-0.12,34.73,0.15,0.18,4,No,Not individually significant — below 3% of group revenue and assets,,,SAP S/4HANA,161 km BOT-toll concession
ALT-0104,Altura Rewa Katni Tollway Pvt Ltd,Rewa Katni Tollway,Private limited company,SPV — project,3,ALT-0016,Altura Expressways Pvt Ltd,ALT-0001 > ALT-0004 > ALT-0016 > ALT-0104,100,100,0,,Voting rights,Full consolidation,India,Madhya Pradesh,Rewa,U45203MP2015PTC830512,23XQPCT8446A1Z2,2015-11-02,INR,31 March,Active,,Transport,S. R. Batliboi & Associates LLP,16.38,0.63,79.15,0.34,0.41,11,No,Not individually significant — below 3% of group revenue and assets,,,SAP S/4HANA,70 km BOT-toll concession
ALT-0105,Altura Hisar Rewari Tollway Pvt Ltd,Hisar Rewari Tollway,Private limited company,SPV — project,3,ALT-0016,Altura Expressways Pvt Ltd,ALT-0001 > ALT-0004 > ALT-0016 > ALT-0105,100,100,0,,Voting rights,Full consolidation,India,Haryana,Hisar,U45203HR2014PTC911540,06TPFCZ5810W1Z2,2014-10-26,INR,31 March,Active,,Transport,S. R. Batliboi & Associates LLP,2.08,0.03,7.63,0.04,0.04,55,No,Not individually significant — below 3% of group revenue and assets,,,SAP S/4HANA,80 km BOT-toll concession
ALT-0106,Altura Cuttack Angul Tollway Pvt Ltd,Cuttack Angul Tollway,Private limited company,SPV — project,3,ALT-0016,Altura Expressways Pvt Ltd,ALT-0001 > ALT-0004 > ALT-0016 > ALT-0106,100,100,0,,Voting rights,Full consolidation,India,Odisha,Cuttack,U45203OD2020PTC713283,21MGPCE3248X1Z7,2020-12-25,INR,31 March,Active,,Transport,S. R. Batliboi & Associates LLP,30.45,0.59,154.72,0.63,0.8,25,Yes,Coverage top-up — added to reach 72% of group revenue and 65% of group assets,1.38,Order to Cash; Fixed Assets; Procure to Pay,SAP S/4HANA,55 km BOT-toll concession
ALT-0107,Altura Kharagpur Balasore Tollway Pvt Ltd,Kharagpur Balasore Tollway,Private limited company,SPV — project,3,ALT-0016,Altura Expressways Pvt Ltd,ALT-0001 > ALT-0004 > ALT-0016 > ALT-0107,100,100,0,,Voting rights,Full consolidation,India,West Bengal,Kharagpur,U45203WB2023PTC479988,19FFRCV7528C1Z6,2023-03-15,INR,31 March,Active,,Transport,S. R. Batliboi & Associates LLP,3.75,0.03,11.8,0.08,0.06,19,No,Not individually significant — below 3% of group revenue and assets,,,SAP S/4HANA,86 km BOT-toll concession
ALT-0108,Altura Kurnool Anantapur Tollway Pvt Ltd,Kurnool Anantapur Tollway,Private limited company,SPV — project,3,ALT-0016,Altura Expressways Pvt Ltd,ALT-0001 > ALT-0004 > ALT-0016 > ALT-0108,100,100,0,,Voting rights,Full consolidation,India,Andhra Pradesh,Kurnool,U45203AP2022PTC811898,37XGSCI5333C1Z0,2022-04-22,INR,31 March,Active,,Transport,S. R. Batliboi & Associates LLP,8.83,0.29,35.76,0.18,0.18,21,No,Not individually significant — below 3% of group revenue and assets,,,SAP S/4HANA,127 km BOT-toll concession
ALT-0109,Altura Jhansi Kanpur Tollway Pvt Ltd,Jhansi Kanpur Tollway,Private limited company,SPV — project,3,ALT-0016,Altura Expressways Pvt Ltd,ALT-0001 > ALT-0004 > ALT-0016 > ALT-0109,100,100,0,,Voting rights,Full consolidation,India,Uttar Pradesh,Jhansi,U45203UP2019PTC315829,09GZKCX8101D1Z5,2019-03-25,INR,31 March,Active,,Transport,S. R. Batliboi & Associates LLP,18.95,0.28,55.36,0.39,0.28,35,No,Not individually significant — below 3% of group revenue and assets,,,SAP S/4HANA,161 km BOT-toll concession
ALT-0110,Altura Bathinda Ludhiana Tollway Pvt Ltd,Bathinda Ludhiana Tollway,Private limited company,SPV — project,3,ALT-0016,Altura Expressways Pvt Ltd,ALT-0001 > ALT-0004 > ALT-0016 > ALT-0110,100,100,0,,Voting rights,Full consolidation,India,Punjab,Bathinda,U45203PB2016PTC506113,03BTKCG2596G1Z4,2016-03-05,INR,31 March,Active,,Transport,S. R. Batliboi & Associates LLP,17.34,0.2,70.45,0.36,0.36,20,No,Not individually significant — below 3% of group revenue and assets,,,SAP S/4HANA,64 km BOT-toll concession
ALT-0111,Altura Ranchi Bokaro Tollway Pvt Ltd,Ranchi Bokaro Tollway,Private limited company,SPV — project,3,ALT-0016,Altura Expressways Pvt Ltd,ALT-0001 > ALT-0004 > ALT-0016 > ALT-0111,100,100,0,,Voting rights,Full consolidation,India,Jharkhand,Ranchi,U45203JH2013PTC366260,20PRICX6136B1Z4,2013-03-25,INR,31 March,Active,,Transport,S. R. Batliboi & Associates LLP,16.26,0.73,60.08,0.34,0.31,20,No,Not individually significant — below 3% of group revenue and assets,,,SAP S/4HANA,132 km BOT-toll concession
ALT-0112,Altura Guwahati Jorhat Tollway Pvt Ltd,Guwahati Jorhat Tollway,Private limited company,SPV — project,3,ALT-0016,Altura Expressways Pvt Ltd,ALT-0001 > ALT-0004 > ALT-0016 > ALT-0112,100,100,0,,Voting rights,Full consolidation,India,Assam,Guwahati,U45203AS2021PTC420847,18HXFCO6802I1Z7,2021-01-28,INR,31 March,Active,,Transport,S. R. Batliboi & Associates LLP,8.14,0.25,26.16,0.17,0.13,43,No,Not individually significant — below 3% of group revenue and assets,,,SAP S/4HANA,166 km BOT-toll concession
ALT-0113,Altura Palakkad Kochi Highways Pvt Ltd,Palakkad Kochi Highways,Private limited company,SPV — project,3,ALT-0017,Altura Highway Concessions Pvt Ltd,ALT-0001 > ALT-0004 > ALT-0017 > ALT-0113,100,100,0,,Voting rights,Full consolidation,India,Kerala,Palakkad,U45203KL2021PTC567395,32NEXCE1748S1Z1,2021-05-21,INR,31 March,Active,,Transport,S. R. Batliboi & Associates LLP,20.83,0.68,86.05,0.43,0.44,31,No,Not individually significant — below 3% of group revenue and assets,,,SAP S/4HANA,106 km hybrid-annuity concession
ALT-0114,Altura Raipur Bilaspur Highways Pvt Ltd,Raipur Bilaspur Highways,Private limited company,SPV — project,3,ALT-0017,Altura Highway Concessions Pvt Ltd,ALT-0001 > ALT-0004 > ALT-0017 > ALT-0114,100,100,0,,Voting rights,Full consolidation,India,Chhattisgarh,Raipur,U45203CG2020PTC066470,22UPOCE9421B1Z8,2020-02-02,INR,31 March,Active,,Transport,S. R. Batliboi & Associates LLP,17.66,0.25,48.68,0.37,0.25,17,No,Not individually significant — below 3% of group revenue and assets,,,SAP S/4HANA,139 km hybrid-annuity concession
ALT-0115,Altura Haridwar Rudrapur Highways Pvt Ltd,Haridwar Rudrapur Highways,Private limited company,SPV — project,3,ALT-0017,Altura Highway Concessions Pvt Ltd,ALT-0001 > ALT-0004 > ALT-0017 > ALT-0115,100,100,0,,Voting rights,Full consolidation,India,Uttarakhand,Haridwar,U45203UA2015PTC562020,05IDOCJ7119H1Z8,2015-01-17,INR,31 March,Active,,Transport,S. R. Batliboi & Associates LLP,8.18,0.06,37.34,0.17,0.19,12,No,Not individually significant — below 3% of group revenue and assets,,,SAP S/4HANA,82 km hybrid-annuity concession
ALT-0116,Altura Patna Gaya Highways Pvt Ltd,Patna Gaya Highways,Private limited company,SPV — project,3,ALT-0017,Altura Highway Concessions Pvt Ltd,ALT-0001 > ALT-0004 > ALT-0017 > ALT-0116,100,100,0,,Voting rights,Full consolidation,India,Bihar,Patna,U45203BR2022PTC244329,10ABUCH9986D1Z8,2022-03-23,INR,31 March,Active,,Transport,S. R. Batliboi & Associates LLP,2.65,0.06,8.56,0.05,0.04,38,No,Not individually significant — below 3% of group revenue and assets,,,SAP S/4HANA,130 km hybrid-annuity concession
ALT-0117,Altura Warangal Nalgonda Highways Pvt Ltd,Warangal Nalgonda Highways,Private limited company,SPV — project,3,ALT-0017,Altura Highway Concessions Pvt Ltd,ALT-0001 > ALT-0004 > ALT-0017 > ALT-0117,100,100,0,,Voting rights,Full consolidation,India,Telangana,Warangal,U45203TG2016PTC717606,36LIRCP1145N1Z3,2016-02-19,INR,31 March,Active,,Transport,S. R. Batliboi & Associates LLP,3.75,0.12,10.48,0.08,0.05,24,No,Not individually significant — below 3% of group revenue and assets,,,SAP S/4HANA,75 km hybrid-annuity concession
ALT-0118,Altura Dhule Sangli Highways Pvt Ltd,Dhule Sangli Highways,Private limited company,SPV — project,3,ALT-0017,Altura Highway Concessions Pvt Ltd,ALT-0001 > ALT-0004 > ALT-0017 > ALT-0118,100,100,0,,Voting rights,Full consolidation,India,Maharashtra,Dhule,U45203MH2017PTC682451,27FFQCQ1372Y1Z9,2017-07-08,INR,31 March,Active,,Transport,S. R. Batliboi & Associates LLP,37.81,0.65,159.16,0.78,0.82,12,Yes,Coverage top-up — added to reach 72% of group revenue and 65% of group assets,1.5,Order to Cash; Fixed Assets; Procure to Pay,SAP S/4HANA,117 km hybrid-annuity concession
ALT-0119,Altura Karur Tuticorin Highways Pvt Ltd,Karur Tuticorin Highways,Private limited company,SPV — project,3,ALT-0017,Altura Highway Concessions Pvt Ltd,ALT-0001 > ALT-0004 > ALT-0017 > ALT-0119,100,100,0,,Voting rights,Full consolidation,India,Tamil Nadu,Karur,U45203TN2014PTC251641,33OBTCL7759K1Z9,2014-05-03,INR,31 March,Active,,Transport,S. R. Batliboi & Associates LLP,10.29,0.45,52.2,0.21,0.27,13,No,Not individually significant — below 3% of group revenue and assets,,,SAP S/4HANA,103 km hybrid-annuity concession
ALT-0120,Altura Bikaner Jodhpur Highways Pvt Ltd,Bikaner Jodhpur Highways,Private limited company,SPV — project,3,ALT-0017,Altura Highway Concessions Pvt Ltd,ALT-0001 > ALT-0004 > ALT-0017 > ALT-0120,100,100,0,,Voting rights,Full consolidation,India,Rajasthan,Bikaner,U45203RJ2013PTC351983,08VHSCW1891V1Z2,2013-07-17,INR,31 March,Active,,Transport,S. R. Batliboi & Associates LLP,10.16,0.22,37.27,0.21,0.19,5,No,Not individually significant — below 3% of group revenue and assets,,,SAP S/4HANA,75 km hybrid-annuity concession
ALT-0121,Altura Durgapur Siliguri Highways Pvt Ltd,Durgapur Siliguri Highways,Private limited company,SPV — project,3,ALT-0017,Altura Highway Concessions Pvt Ltd,ALT-0001 > ALT-0004 > ALT-0017 > ALT-0121,100,100,0,,Voting rights,Full consolidation,India,West Bengal,Durgapur,U45203WB2014PTC795101,19FPZCK5859M1Z4,2014-06-04,INR,31 March,Active,,Transport,S. R. Batliboi & Associates LLP,3.77,0.1,13.61,0.08,0.07,30,No,Not individually significant — below 3% of group revenue and assets,,,SAP S/4HANA,112 km hybrid-annuity concession
ALT-0122,Altura Jaipur Bhadla Transco Pvt Ltd,Jaipur Bhadla Transco,Private limited company,SPV — project,3,ALT-0021,Altura Transmission Assets Pvt Ltd,ALT-0001 > ALT-0005 > ALT-0021 > ALT-0122,100,74,0,,Voting rights,Full consolidation,India,Rajasthan,Jaipur,U40104RJ2021PTC056800,08AVUCH6116M1Z7,2021-10-24,INR,31 March,Active,,Transmission & Metering,S. R. Batliboi & Associates LLP,1.12,0.05,4.32,0.02,0.02,23,No,Not individually significant — below 3% of group revenue and assets,,,SAP S/4HANA,"400 kV transmission line, 223 ckm"
ALT-0123,Altura Hisar Panipat Transco Pvt Ltd,Hisar Panipat Transco,Private limited company,SPV — project,3,ALT-0021,Altura Transmission Assets Pvt Ltd,ALT-0001 > ALT-0005 > ALT-0021 > ALT-0123,100,74,0,,Voting rights,Full consolidation,India,Haryana,Hisar,U40104HR2017PTC809118,06XYHCB5004G1Z1,2017-05-12,INR,31 March,Active,,Transmission & Metering,S. R. Batliboi & Associates LLP,9.37,0.53,29.73,0.19,0.15,52,No,Not individually significant — below 3% of group revenue and assets,,,SAP S/4HANA,"220 kV transmission line, 274 ckm"
ALT-0124,Altura Rewa Neemuch Transco Pvt Ltd,Rewa Neemuch Transco,Private limited company,SPV — project,3,ALT-0021,Altura Transmission Assets Pvt Ltd,ALT-0001 > ALT-0005 > ALT-0021 > ALT-0124,100,74,0,,Voting rights,Full consolidation,India,Madhya Pradesh,Rewa,U40104MP2023PTC613804,23FPGCX1333N1Z6,2023-03-16,INR,31 March,Active,,Transmission & Metering,S. R. Batliboi & Associates LLP,5.4,0.31,14.99,0.11,0.08,14,No,Not individually significant — below 3% of group revenue and assets,,,SAP S/4HANA,"765 kV transmission line, 67 ckm"
ALT-0125,Altura Kurnool Nellore Transco Pvt Ltd,Kurnool Nellore Transco,Private limited company,SPV — project,3,ALT-0021,Altura Transmission Assets Pvt Ltd,ALT-0001 > ALT-0005 > ALT-0021 > ALT-0125,100,74,0,,Voting rights,Full consolidation,India,Andhra Pradesh,Kurnool,U40104AP2012PTC661663,37ECRCA6428M1Z5,2012-04-19,INR,31 March,Active,,Transmission & Metering,S. R. Batliboi & Associates LLP,32.9,1.05,143.3,0.68,0.74,32,Yes,Coverage top-up — added to reach 72% of group revenue and 65% of group assets,1.42,Order to Cash; Fixed Assets; Inventory,SAP S/4HANA,"765 kV transmission line, 274 ckm"
ALT-0126,Altura Ballari Gadag Transco Pvt Ltd,Ballari Gadag Transco,Private limited company,SPV — project,3,ALT-0021,Altura Transmission Assets Pvt Ltd,ALT-0001 > ALT-0005 > ALT-0021 > ALT-0126,100,74,0,,Voting rights,Full consolidation,India,Karnataka,Ballari,U40104KA2020PTC089911,29XELCB7580W1Z6,2020-04-14,INR,31 March,Active,,Transmission & Metering,S. R. Batliboi & Associates LLP,6.78,0.18,23.74,0.14,0.12,25,No,Not individually significant — below 3% of group revenue and assets,,,SAP S/4HANA,"220 kV transmission line, 195 ckm"
ALT-0127,Altura Angul Sambalpur Transco Pvt Ltd,Angul Sambalpur Transco,Private limited company,SPV — project,3,ALT-0021,Altura Transmission Assets Pvt Ltd,ALT-0001 > ALT-0005 > ALT-0021 > ALT-0127,100,74,0,,Voting rights,Full consolidation,India,Odisha,Angul,U40104OD2016PTC334929,21RVVCO6195H1Z9,2016-12-19,INR,31 March,Active,,Transmission & Metering,S. R. Batliboi & Associates LLP,0.42,0.02,1.76,0.01,0.01,36,No,Not individually significant — below 3% of group revenue and assets,,,SAP S/4HANA,"220 kV transmission line, 91 ckm"
ALT-0128,Altura Jhansi Mirzapur Transco Pvt Ltd,Jhansi Mirzapur Transco,Private limited company,SPV — project,3,ALT-0021,Altura Transmission Assets Pvt Ltd,ALT-0001 > ALT-0005 > ALT-0021 > ALT-0128,100,74,0,,Voting rights,Full consolidation,India,Uttar Pradesh,Jhansi,U40104UP2021PTC479721,09FVJCK7754U1Z5,2021-03-21,INR,31 March,Active,,Transmission & Metering,S. R. Batliboi & Associates LLP,7.66,0.23,31.31,0.16,0.16,27,No,Not individually significant — below 3% of group revenue and assets,,,SAP S/4HANA,"400 kV transmission line, 278 ckm"
ALT-0129,Altura Patan Rajkot Transco Pvt Ltd,Patan Rajkot Transco,Private limited company,SPV — project,3,ALT-0021,Altura Transmission Assets Pvt Ltd,ALT-0001 > ALT-0005 > ALT-0021 > ALT-0129,100,74,0,,Voting rights,Full consolidation,India,Gujarat,Patan,U40104GJ2014PTC648138,24VHACF2896F1Z5,2014-01-09,INR,31 March,Active,,Transmission & Metering,S. R. Batliboi & Associates LLP,5.05,0.16,24.11,0.1,0.12,30,No,Not individually significant — below 3% of group revenue and assets,,,SAP S/4HANA,"220 kV transmission line, 196 ckm"
ALT-0130,Altura Warangal Mahbubnagar Transco Pvt Ltd,Warangal Mahbubnagar Transco,Private limited company,SPV — project,3,ALT-0021,Altura Transmission Assets Pvt Ltd,ALT-0001 > ALT-0005 > ALT-0021 > ALT-0130,100,74,0,,Voting rights,Full consolidation,India,Telangana,Warangal,U40104TG2017PTC014863,36TFZCB5315G1Z7,2017-09-09,INR,31 March,Active,,Transmission & Metering,S. R. Batliboi & Associates LLP,6.56,0.17,25.28,0.14,0.13,30,No,Not individually significant — below 3% of group revenue and assets,,,SAP S/4HANA,"765 kV transmission line, 241 ckm"
ALT-0131,Altura Korba Raipur Transco Pvt Ltd,Korba Raipur Transco,Private limited company,SPV — project,3,ALT-0021,Altura Transmission Assets Pvt Ltd,ALT-0001 > ALT-0005 > ALT-0021 > ALT-0131,100,74,0,,Voting rights,Full consolidation,India,Chhattisgarh,Korba,U40104CG2023PTC810748,22HDECA3591Z1Z6,2023-09-09,INR,31 March,Active,,Transmission & Metering,S. R. Batliboi & Associates LLP,35.53,1.05,140.89,0.74,0.72,14,Yes,Coverage top-up — added to reach 72% of group revenue and 65% of group assets,1.46,Order to Cash; Fixed Assets; Inventory,SAP S/4HANA,"765 kV transmission line, 270 ckm"
ALT-0132,Altura Bokaro Dhanbad Transco Pvt Ltd,Bokaro Dhanbad Transco,Private limited company,SPV — project,3,ALT-0021,Altura Transmission Assets Pvt Ltd,ALT-0001 > ALT-0005 > ALT-0021 > ALT-0132,100,74,0,,Voting rights,Full consolidation,India,Jharkhand,Bokaro,U40104JH2023PTC750776,20LTECJ9246K1Z4,2023-09-23,INR,31 March,Active,,Transmission & Metering,S. R. Batliboi & Associates LLP,17.2,0.86,46.36,0.36,0.24,39,No,Not individually significant — below 3% of group revenue and assets,,,SAP S/4HANA,"400 kV transmission line, 213 ckm"
ALT-0133,Altura Kannur Palakkad Transco Pvt Ltd,Kannur Palakkad Transco,Private limited company,SPV — project,3,ALT-0021,Altura Transmission Assets Pvt Ltd,ALT-0001 > ALT-0005 > ALT-0021 > ALT-0133,100,74,0,,Voting rights,Full consolidation,India,Kerala,Kannur,U40104KL2022PTC374594,32XOLCU2962V1Z4,2022-03-07,INR,31 March,Active,,Transmission & Metering,S. R. Batliboi & Associates LLP,9.12,0.47,28.95,0.19,0.15,51,No,Not individually significant — below 3% of group revenue and assets,,,SAP S/4HANA,"400 kV transmission line, 181 ckm"
ALT-0134,Altura Metering Noida Pvt Ltd,Metering Noida,Private limited company,SPV — project,3,ALT-0019,Altura Smart Metering Pvt Ltd,ALT-0001 > ALT-0005 > ALT-0019 > ALT-0134,100,74,0,,Voting rights,Full consolidation,India,Uttar Pradesh,Noida,U40104UP2020PTC125184,09YILCX1253B1Z6,2020-06-14,INR,31 March,Active,,Transmission & Metering,S. R. Batliboi & Associates LLP,26.88,1.65,82.39,0.56,0.42,12,Yes,Coverage top-up — added to reach 72% of group revenue and 65% of group assets,1.32,Order to Cash; Fixed Assets; Inventory,SAP S/4HANA,19 lakh smart meters under AMISP contract
ALT-0135,Altura Metering Ghaziabad Pvt Ltd,Metering Ghaziabad,Private limited company,SPV — project,3,ALT-0019,Altura Smart Metering Pvt Ltd,ALT-0001 > ALT-0005 > ALT-0019 > ALT-0135,100,74,0,,Voting rights,Full consolidation,India,Uttar Pradesh,Ghaziabad,U40104UP2015PTC500696,09HJVCT3103V1Z4,2015-11-15,INR,31 March,Active,,Transmission & Metering,S. R. Batliboi & Associates LLP,5.63,-0.03,26.75,0.12,0.14,10,No,Not individually significant — below 3% of group revenue and assets,,,SAP S/4HANA,6 lakh smart meters under AMISP contract
ALT-0136,Altura Metering Kanpur Pvt Ltd,Metering Kanpur,Private limited company,SPV — project,3,ALT-0019,Altura Smart Metering Pvt Ltd,ALT-0001 > ALT-0005 > ALT-0019 > ALT-0136,100,74,0,,Voting rights,Full consolidation,India,Uttar Pradesh,Kanpur,U40104UP2022PTC558785,09KCHCF2755R1Z4,2022-04-03,INR,31 March,Active,,Transmission & Metering,S. R. Batliboi & Associates LLP,8.97,0.43,27.93,0.19,0.14,3,No,Not individually significant — below 3% of group revenue and assets,,,SAP S/4HANA,8 lakh smart meters under AMISP contract
ALT-0137,Altura Metering Varanasi Pvt Ltd,Metering Varanasi,Private limited company,SPV — project,3,ALT-0019,Altura Smart Metering Pvt Ltd,ALT-0001 > ALT-0005 > ALT-0019 > ALT-0137,100,74,0,,Voting rights,Full consolidation,India,Uttar Pradesh,Varanasi,U40104UP2017PTC577849,09CAKCB9763M1Z6,2017-07-10,INR,31 March,Active,,Transmission & Metering,S. R. Batliboi & Associates LLP,11.81,0.55,52.83,0.25,0.27,27,No,Not individually significant — below 3% of group revenue and assets,,,SAP S/4HANA,5 lakh smart meters under AMISP contract
ALT-0138,Altura Metering Jaipur Pvt Ltd,Metering Jaipur,Private limited company,SPV — project,3,ALT-0019,Altura Smart Metering Pvt Ltd,ALT-0001 > ALT-0005 > ALT-0019 > ALT-0138,100,74,0,,Voting rights,Full consolidation,India,Rajasthan,Jaipur,U40104RJ2021PTC105123,08XPBCJ7240G1Z6,2021-09-03,INR,31 March,Active,,Transmission & Metering,S. R. Batliboi & Associates LLP,2.51,0.15,8.6,0.05,0.04,31,No,Not individually significant — below 3% of group revenue and assets,,,SAP S/4HANA,10 lakh smart meters under AMISP contract
ALT-0139,Altura Metering Kota Pvt Ltd,Metering Kota,Private limited company,SPV — project,3,ALT-0019,Altura Smart Metering Pvt Ltd,ALT-0001 > ALT-0005 > ALT-0019 > ALT-0139,100,74,0,,Voting rights,Full consolidation,India,Rajasthan,Kota,U40104RJ2020PTC677395,08XYUCT8103P1Z0,2020-04-10,INR,31 March,Active,,Transmission & Metering,S. R. Batliboi & Associates LLP,7.77,0.29,27.68,0.16,0.14,28,No,Not individually significant — below 3% of group revenue and assets,,,SAP S/4HANA,19 lakh smart meters under AMISP contract
ALT-0140,Altura Metering Gurugram Pvt Ltd,Metering Gurugram,Private limited company,SPV — project,3,ALT-0019,Altura Smart Metering Pvt Ltd,ALT-0001 > ALT-0005 > ALT-0019 > ALT-0140,100,74,0,,Voting rights,Full consolidation,India,Haryana,Gurugram,U40104HR2016PTC970142,06AWFCO4284K1Z4,2016-03-12,INR,31 March,Active,,Transmission & Metering,S. R. Batliboi & Associates LLP,1.7,0.09,4.12,0.04,0.02,20,No,Not individually significant — below 3% of group revenue and assets,,,SAP S/4HANA,17 lakh smart meters under AMISP contract
ALT-0141,Altura Metering Faridabad Pvt Ltd,Metering Faridabad,Private limited company,SPV — project,3,ALT-0019,Altura Smart Metering Pvt Ltd,ALT-0001 > ALT-0005 > ALT-0019 > ALT-0141,100,74,0,,Voting rights,Full consolidation,India,Haryana,Faridabad,U40104HR2018PTC262472,06CCOCX7132O1Z6,2018-10-22,INR,31 March,Active,,Transmission & Metering,S. R. Batliboi & Associates LLP,8.25,0.44,39.74,0.17,0.2,44,No,Not individually significant — below 3% of group revenue and assets,,,SAP S/4HANA,4 lakh smart meters under AMISP contract
ALT-0142,Altura Water Pune Pvt Ltd,Water Pune,Private limited company,SPV — project,3,ALT-0022,Altura Wastewater Pvt Ltd,ALT-0001 > ALT-0006 > ALT-0022 > ALT-0142,100,51,0,,Voting rights,Full consolidation,India,Maharashtra,Pune,U36001MH2021PTC606018,27HCGCN7288X1Z2,2021-01-21,INR,31 March,Active,,Urban Utilities,S. R. Batliboi & Associates LLP,12.51,0.36,34.66,0.26,0.18,12,No,Not individually significant — below 3% of group revenue and assets,,,SAP S/4HANA,102 MLD water / sewage treatment concession
ALT-0143,Altura Water Nashik Pvt Ltd,Water Nashik,Private limited company,SPV — project,3,ALT-0022,Altura Wastewater Pvt Ltd,ALT-0001 > ALT-0006 > ALT-0022 > ALT-0143,100,51,0,,Voting rights,Full consolidation,India,Maharashtra,Nashik,U36001MH2014PTC734330,27GDKCW7090S1Z0,2014-07-24,INR,31 March,Active,,Urban Utilities,S. R. Batliboi & Associates LLP,1.35,0.04,3.51,0.03,0.02,32,No,Not individually significant — below 3% of group revenue and assets,,,SAP S/4HANA,33 MLD water / sewage treatment concession
ALT-0144,Altura Water Indore Pvt Ltd,Water Indore,Private limited company,SPV — project,3,ALT-0022,Altura Wastewater Pvt Ltd,ALT-0001 > ALT-0006 > ALT-0022 > ALT-0144,100,51,0,,Voting rights,Full consolidation,India,Madhya Pradesh,Indore,U36001MP2021PTC503744,23MKWCA6884X1Z1,2021-09-09,INR,31 March,Active,,Urban Utilities,S. R. Batliboi & Associates LLP,9.29,0.38,23.5,0.19,0.12,49,No,Not individually significant — below 3% of group revenue and assets,,,SAP S/4HANA,90 MLD water / sewage treatment concession
ALT-0145,Altura Water Surat Pvt Ltd,Water Surat,Private limited company,SPV — project,3,ALT-0022,Altura Wastewater Pvt Ltd,ALT-0001 > ALT-0006 > ALT-0022 > ALT-0145,100,51,0,,Voting rights,Full consolidation,India,Gujarat,Surat,U36001GJ2022PTC009825,24DBPCS4715K1Z3,2022-10-27,INR,31 March,Active,,Urban Utilities,S. R. Batliboi & Associates LLP,10.82,0.37,33.72,0.22,0.17,39,No,Not individually significant — below 3% of group revenue and assets,,,SAP S/4HANA,171 MLD water / sewage treatment concession
ALT-0146,Altura Water Coimbatore Pvt Ltd,Water Coimbatore,Private limited company,SPV — project,3,ALT-0022,Altura Wastewater Pvt Ltd,ALT-0001 > ALT-0006 > ALT-0022 > ALT-0146,100,51,0,,Voting rights,Full consolidation,India,Tamil Nadu,Coimbatore,U36001TN2018PTC233524,33ERFCC4151K1Z1,2018-10-11,INR,31 March,Active,,Urban Utilities,S. R. Batliboi & Associates LLP,1.84,0.05,7.21,0.04,0.04,41,No,Not individually significant — below 3% of group revenue and assets,,,SAP S/4HANA,49 MLD water / sewage treatment concession
ALT-0147,Altura Water Mysuru Pvt Ltd,Water Mysuru,Private limited company,SPV — project,3,ALT-0023,Altura Municipal Services Pvt Ltd,ALT-0001 > ALT-0006 > ALT-0023 > ALT-0147,100,51,0,,Voting rights,Full consolidation,India,Karnataka,Mysuru,U36001KA2013PTC141571,29LHPCI3579C1Z5,2013-03-13,INR,31 March,Active,,Urban Utilities,S. R. Batliboi & Associates LLP,11.22,-0.25,35.26,0.23,0.18,40,No,Not individually significant — below 3% of group revenue and assets,,,SAP S/4HANA,Municipal services and revenue billing concession
ALT-0148,Altura Water Bhopal Pvt Ltd,Water Bhopal,Private limited company,SPV — project,3,ALT-0023,Altura Municipal Services Pvt Ltd,ALT-0001 > ALT-0006 > ALT-0023 > ALT-0148,100,51,0,,Voting rights,Full consolidation,India,Madhya Pradesh,Bhopal,U36001MP2022PTC453159,23QWWCJ9746V1Z9,2022-12-10,INR,31 March,Active,,Urban Utilities,S. R. Batliboi & Associates LLP,46.27,0.71,171.13,0.96,0.88,47,Yes,Coverage top-up — added to reach 72% of group revenue and 65% of group assets,1.63,Order to Cash; Procure to Pay; Fixed Assets,SAP S/4HANA,Municipal services and revenue billing concession
ALT-0149,Altura Water Vadodara Pvt Ltd,Water Vadodara,Private limited company,SPV — project,3,ALT-0023,Altura Municipal Services Pvt Ltd,ALT-0001 > ALT-0006 > ALT-0023 > ALT-0149,100,51,0,,Voting rights,Full consolidation,India,Gujarat,Vadodara,U36001GJ2014PTC872286,24KJXCN6456B1Z4,2014-11-17,INR,31 March,Active,,Urban Utilities,S. R. Batliboi & Associates LLP,3.88,0.16,13.34,0.08,0.07,41,No,Not individually significant — below 3% of group revenue and assets,,,SAP S/4HANA,Municipal services and revenue billing concession
ALT-0150,Altura Logistics Park Bhiwandi Pvt Ltd,Logistics Park Bhiwandi,Private limited company,SPV — project,3,ALT-0025,Altura Warehousing Assets Pvt Ltd,ALT-0001 > ALT-0007 > ALT-0025 > ALT-0150,100,100,0,,Voting rights,Full consolidation,India,Maharashtra,Bhiwandi,U63030MH2018PTC592618,27KYHCZ6472T1Z5,2018-12-26,INR,31 March,Active,,Logistics,S. R. Batliboi & Associates LLP,31.61,1.71,90.65,0.66,0.47,26,Yes,Coverage top-up — added to reach 72% of group revenue and 65% of group assets,1.4,Order to Cash; Inventory; Fixed Assets,SAP S/4HANA,23 lakh sq ft Grade-A warehousing
ALT-0151,Altura Logistics Park Chakan Pvt Ltd,Logistics Park Chakan,Private limited company,SPV — project,3,ALT-0025,Altura Warehousing Assets Pvt Ltd,ALT-0001 > ALT-0007 > ALT-0025 > ALT-0151,100,100,0,,Voting rights,Full consolidation,India,Maharashtra,Chakan,U63030MH2017PTC818857,27IRACC8502C1Z8,2017-11-26,INR,31 March,Active,,Logistics,S. R. Batliboi & Associates LLP,0.62,0.04,2.78,0.01,0.01,11,No,Not individually significant — below 3% of group revenue and assets,,,SAP S/4HANA,11 lakh sq ft Grade-A warehousing
ALT-0152,Altura Logistics Park Farukhnagar Pvt Ltd,Logistics Park Farukhnagar,Private limited company,SPV — project,3,ALT-0025,Altura Warehousing Assets Pvt Ltd,ALT-0001 > ALT-0007 > ALT-0025 > ALT-0152,100,100,0,,Voting rights,Full consolidation,India,Haryana,Farukhnagar,U63030HR2021PTC050523,06ZCACX6103Q1Z6,2021-01-19,INR,31 March,Active,,Logistics,S. R. Batliboi & Associates LLP,5.98,0.34,15.52,0.12,0.08,33,No,Not individually significant — below 3% of group revenue and assets,,,SAP S/4HANA,19 lakh sq ft Grade-A warehousing
ALT-0153,Altura Logistics Park Hosur Pvt Ltd,Logistics Park Hosur,Private limited company,SPV — project,3,ALT-0025,Altura Warehousing Assets Pvt Ltd,ALT-0001 > ALT-0007 > ALT-0025 > ALT-0153,100,100,0,,Voting rights,Full consolidation,India,Tamil Nadu,Hosur,U63030TN2020PTC324131,33EIVCS9483Q1Z7,2020-10-19,INR,31 March,Active,,Logistics,S. R. Batliboi & Associates LLP,11.29,0.48,25.2,0.23,0.13,33,No,Not individually significant — below 3% of group revenue and assets,,,SAP S/4HANA,23 lakh sq ft Grade-A warehousing
ALT-0154,Altura Logistics Park Sriperumbudur Pvt Ltd,Logistics Park Sriperumbudur,Private limited company,SPV — project,3,ALT-0025,Altura Warehousing Assets Pvt Ltd,ALT-0001 > ALT-0007 > ALT-0025 > ALT-0154,100,100,0,,Voting rights,Full consolidation,India,Tamil Nadu,Sriperumbudur,U63030TN2016PTC909133,33PXNCP6002O1Z8,2016-04-14,INR,31 March,Active,,Logistics,S. R. Batliboi & Associates LLP,15.77,0.43,54.72,0.33,0.28,34,No,Not individually significant — below 3% of group revenue and assets,,,SAP S/4HANA,7 lakh sq ft Grade-A warehousing
ALT-0155,Altura Logistics Park Luhari Pvt Ltd,Logistics Park Luhari,Private limited company,SPV — project,3,ALT-0025,Altura Warehousing Assets Pvt Ltd,ALT-0001 > ALT-0007 > ALT-0025 > ALT-0155,100,100,0,,Voting rights,Full consolidation,India,Haryana,Luhari,U63030HR2022PTC639093,06HLVCI5226Z1Z6,2022-04-09,INR,31 March,Active,,Logistics,S. R. Batliboi & Associates LLP,5.53,-0.11,22.7,0.11,0.12,24,No,Not individually significant — below 3% of group revenue and assets,,,SAP S/4HANA,17 lakh sq ft Grade-A warehousing
ALT-0156,Altura Logistics Park Panvel Pvt Ltd,Logistics Park Panvel,Private limited company,SPV — project,3,ALT-0025,Altura Warehousing Assets Pvt Ltd,ALT-0001 > ALT-0007 > ALT-0025 > ALT-0156,100,100,0,,Voting rights,Full consolidation,India,Maharashtra,Panvel,U63030MH2013PTC428978,27WBCCM5788J1Z7,2013-11-22,INR,31 March,Active,,Logistics,S. R. Batliboi & Associates LLP,4.97,0.14,15.5,0.1,0.08,24,No,Not individually significant — below 3% of group revenue and assets,,,SAP S/4HANA,4 lakh sq ft Grade-A warehousing
ALT-0157,Altura Logistics Park Nagpur Pvt Ltd,Logistics Park Nagpur,Private limited company,SPV — project,3,ALT-0025,Altura Warehousing Assets Pvt Ltd,ALT-0001 > ALT-0007 > ALT-0025 > ALT-0157,100,100,0,,Voting rights,Full consolidation,India,Maharashtra,Nagpur,U63030MH2023PTC130015,27RQTCI8090J1Z5,2023-06-07,INR,31 March,Active,,Logistics,S. R. Batliboi & Associates LLP,5.64,0.16,18.13,0.12,0.09,18,No,Not individually significant — below 3% of group revenue and assets,,,SAP S/4HANA,17 lakh sq ft Grade-A warehousing
ALT-0158,Altura Logistics Park Guwahati Pvt Ltd,Logistics Park Guwahati,Private limited company,SPV — project,3,ALT-0025,Altura Warehousing Assets Pvt Ltd,ALT-0001 > ALT-0007 > ALT-0025 > ALT-0158,100,100,0,,Voting rights,Full consolidation,India,Assam,Guwahati,U63030AS2018PTC233876,18PYACX9954J1Z7,2018-05-16,INR,31 March,Active,,Logistics,S. R. Batliboi & Associates LLP,1.61,0.08,5.04,0.03,0.03,26,No,Not individually significant — below 3% of group revenue and assets,,,SAP S/4HANA,6 lakh sq ft Grade-A warehousing
ALT-0159,Altura Logistics Park Kolkata Pvt Ltd,Logistics Park Kolkata,Private limited company,SPV — project,3,ALT-0025,Altura Warehousing Assets Pvt Ltd,ALT-0001 > ALT-0007 > ALT-0025 > ALT-0159,100,100,0,,Voting rights,Full consolidation,India,West Bengal,Kolkata,U63030WB2023PTC653945,19IZRCQ4349C1Z8,2023-08-16,INR,31 March,Active,,Logistics,S. R. Batliboi & Associates LLP,4.31,0.22,14.58,0.09,0.07,29,No,Not individually significant — below 3% of group revenue and assets,,,SAP S/4HANA,21 lakh sq ft Grade-A warehousing
ALT-0160,Altura Logistics Park Ahmedabad Pvt Ltd,Logistics Park Ahmedabad,Private limited company,SPV — project,3,ALT-0025,Altura Warehousing Assets Pvt Ltd,ALT-0001 > ALT-0007 > ALT-0025 > ALT-0160,100,100,0,,Voting rights,Full consolidation,India,Gujarat,Ahmedabad,U63030GJ2012PTC734798,24VDPCT9236V1Z3,2012-03-16,INR,31 March,Active,,Logistics,S. R. Batliboi & Associates LLP,4.75,0.26,10.77,0.1,0.06,14,No,Not individually significant — below 3% of group revenue and assets,,,SAP S/4HANA,9 lakh sq ft Grade-A warehousing
ALT-0161,Altura Logistics Park Lucknow Pvt Ltd,Logistics Park Lucknow,Private limited company,SPV — project,3,ALT-0025,Altura Warehousing Assets Pvt Ltd,ALT-0001 > ALT-0007 > ALT-0025 > ALT-0161,100,100,0,,Voting rights,Full consolidation,India,Uttar Pradesh,Lucknow,U63030UP2022PTC552918,09LWUCM6208J1Z2,2022-12-11,INR,31 March,Active,,Logistics,S. R. Batliboi & Associates LLP,3.36,-0.12,9.42,0.07,0.05,55,No,Not individually significant — below 3% of group revenue and assets,,,SAP S/4HANA,5 lakh sq ft Grade-A warehousing
ALT-0162,Altura Cold Storage Nashik Pvt Ltd,Cold Storage Nashik,Private limited company,SPV — project,3,ALT-0024,Altura Cold Chain Pvt Ltd,ALT-0001 > ALT-0007 > ALT-0024 > ALT-0162,100,100,0,,Voting rights,Full consolidation,India,Maharashtra,Nashik,U63030MH2013PTC852551,27WDXCB6099P1Z4,2013-06-04,INR,31 March,Active,,Logistics,S. R. Batliboi & Associates LLP,4.28,0.23,9.17,0.09,0.05,30,No,Not individually significant — below 3% of group revenue and assets,,,SAP S/4HANA,8 thousand pallet cold store
ALT-0163,Altura Cold Storage Kochi Pvt Ltd,Cold Storage Kochi,Private limited company,SPV — project,3,ALT-0024,Altura Cold Chain Pvt Ltd,ALT-0001 > ALT-0007 > ALT-0024 > ALT-0163,100,100,0,,Voting rights,Full consolidation,India,Kerala,Kochi,U63030KL2015PTC021207,32CRICR7540T1Z6,2015-09-15,INR,31 March,Active,,Logistics,S. R. Batliboi & Associates LLP,4.33,0.2,18.13,0.09,0.09,18,No,Not individually significant — below 3% of group revenue and assets,,,SAP S/4HANA,12 thousand pallet cold store
ALT-0164,Altura Cold Storage Sonipat Pvt Ltd,Cold Storage Sonipat,Private limited company,SPV — project,3,ALT-0024,Altura Cold Chain Pvt Ltd,ALT-0001 > ALT-0007 > ALT-0024 > ALT-0164,100,100,0,,Voting rights,Full consolidation,India,Haryana,Sonipat,U63030HR2023PTC376697,06AMPCA2005Z1Z2,2023-08-10,INR,31 March,Active,,Logistics,S. R. Batliboi & Associates LLP,15.15,0.51,47.44,0.31,0.24,14,No,Not individually significant — below 3% of group revenue and assets,,,SAP S/4HANA,20 thousand pallet cold store
ALT-0165,Altura Cold Storage Guntur Pvt Ltd,Cold Storage Guntur,Private limited company,SPV — project,3,ALT-0024,Altura Cold Chain Pvt Ltd,ALT-0001 > ALT-0007 > ALT-0024 > ALT-0165,100,100,0,,Voting rights,Full consolidation,India,Andhra Pradesh,Guntur,U63030AP2023PTC868398,37ISOCN4763W1Z7,2023-04-21,INR,31 March,Active,,Logistics,S. R. Batliboi & Associates LLP,1.48,-0.02,5.23,0.03,0.03,9,No,Not individually significant — below 3% of group revenue and assets,,,SAP S/4HANA,18 thousand pallet cold store
ALT-0166,Altura Cold Storage Jalandhar Pvt Ltd,Cold Storage Jalandhar,Private limited company,SPV — project,3,ALT-0024,Altura Cold Chain Pvt Ltd,ALT-0001 > ALT-0007 > ALT-0024 > ALT-0166,100,100,0,,Voting rights,Full consolidation,India,Punjab,Jalandhar,U63030PB2014PTC726346,03BHCCK2278S1Z9,2014-06-11,INR,31 March,Active,,Logistics,S. R. Batliboi & Associates LLP,4.28,0.18,17.28,0.09,0.09,20,No,Not individually significant — below 3% of group revenue and assets,,,SAP S/4HANA,12 thousand pallet cold store
ALT-0167,Altura Energy Trading Pte. Ltd.,Energy Trading,Private limited company,Operating,3,ALT-0033,Altura Energy Singapore Pte. Ltd.,ALT-0001 > ALT-0009 > ALT-0033 > ALT-0167,100,100,0,,Voting rights,Full consolidation,Singapore,,Singapore,UEN 202287417K,GST 03438226M,2022-10-20,SGD,31 December,Active,,International,RSM Chio Lim LLP,29.73,-1.05,39.44,0.62,0.2,210,Yes,Coverage top-up — added to reach 72% of group revenue and 65% of group assets,1.37,Order to Cash; Procure to Pay; Tax; Fixed Assets; Payroll (Hire to Retire),SAP S/4HANA,Regional development and operations
ALT-0168,Altura Malaysia Sdn. Bhd.,Malaysia,Sendirian Berhad,Operating,3,ALT-0033,Altura Energy Singapore Pte. Ltd.,ALT-0001 > ALT-0009 > ALT-0033 > ALT-0168,100,100,0,,Voting rights,Full consolidation,Malaysia,,Kuala Lumpur,201901911679,SST 1950074730,2019-02-12,MYR,31 December,Active,,International,Baker Tilly Malaysia,22.13,-0.31,53.2,0.46,0.27,41,No,Not individually significant — below 3% of group revenue and assets,,,SAP S/4HANA,Regional development and operations
ALT-0169,PT Altura Energi Indonesia,PT Altura Energi Indonesia,Perseroan Terbatas,Operating,3,ALT-0033,Altura Energy Singapore Pte. Ltd.,ALT-0001 > ALT-0009 > ALT-0033 > ALT-0169,100,100,0,,Voting rights,Full consolidation,Indonesia,,Jakarta,NIB 9044324552962,NPWP 83.187.635.1-207.507,2019-05-15,IDR,31 December,Active,,International,Tanudiredja Wibisana,3.34,0.06,6.85,0.07,0.04,386,No,Not individually significant — below 3% of group revenue and assets,,,SAP S/4HANA,Regional development and operations
ALT-0170,Altura Vietnam Company Limited,Vietnam Company,Limited liability company,Operating,3,ALT-0033,Altura Energy Singapore Pte. Ltd.,ALT-0001 > ALT-0009 > ALT-0033 > ALT-0170,100,100,0,,Voting rights,Full consolidation,Vietnam,,Ho Chi Minh City,ERC 7017014954,MST 2951841259,2017-05-21,VND,31 December,Active,,International,A&C Auditing,12.8,0.44,13.26,0.27,0.07,291,No,Not individually significant — below 3% of group revenue and assets,,,SAP S/4HANA,Regional development and operations
ALT-0171,Altura Renewables Scotland Limited,Renewables Scotland,Private limited company,Operating,3,ALT-0034,Altura Renewables UK Limited,ALT-0001 > ALT-0009 > ALT-0034 > ALT-0171,100,100,0,,Voting rights,Full consolidation,United Kingdom,,Glasgow,CRN 06233981,VAT GB 087042242,2016-05-11,GBP,31 December,Active,,International,BDO LLP,3.31,0.06,4.98,0.07,0.03,21,No,Not individually significant — below 3% of group revenue and assets,,,SAP S/4HANA,Renewables development and asset management
ALT-0172,Altura Grid Services UK Limited,Grid Services UK,Private limited company,Operating,3,ALT-0034,Altura Renewables UK Limited,ALT-0001 > ALT-0009 > ALT-0034 > ALT-0172,100,100,0,,Voting rights,Full consolidation,United Kingdom,,Manchester,CRN 71209347,VAT GB 572424768,2020-04-22,GBP,31 December,Active,,International,BDO LLP,16.27,0.44,35.75,0.34,0.18,73,No,Not individually significant — below 3% of group revenue and assets,,,SAP S/4HANA,Renewables development and asset management
ALT-0173,Altura Renewables Ireland DAC,Renewables Ireland,Designated activity company,Operating,3,ALT-0034,Altura Renewables UK Limited,ALT-0001 > ALT-0009 > ALT-0034 > ALT-0173,100,100,0,,Voting rights,Full consolidation,Ireland,,Dublin,CRO 657197,IE8412800AA,2023-12-04,EUR,31 December,Active,,International,Grant Thornton Ireland,81.71,2.23,221.35,1.7,1.14,126,Yes,Coverage top-up — added to reach 72% of group revenue and 65% of group assets,2.19,Order to Cash; Procure to Pay; Tax; Fixed Assets,SAP S/4HANA,Renewables development and asset management
ALT-0174,"Altura Solar US, LLC","Solar US,",Corporation,Operating,3,ALT-0035,"Altura Infra USA, Inc.",ALT-0001 > ALT-0009 > ALT-0035 > ALT-0174,100,100,0,,Voting rights,Full consolidation,United States,Texas,Austin,DE File 4132777,EIN 63-6425973,2013-05-11,USD,31 December,Active,,International,Crowe LLP,5.69,0.07,10.49,0.12,0.05,129,No,Not individually significant — below 3% of group revenue and assets,,,SAP S/4HANA,Regional development and operations
ALT-0175,"Altura Infra Services USA, Inc.","Infra Services USA,",Corporation,Operating,3,ALT-0035,"Altura Infra USA, Inc.",ALT-0001 > ALT-0009 > ALT-0035 > ALT-0175,100,100,0,,Voting rights,Full consolidation,United States,Colorado,Denver,DE File 0153669,EIN 49-3571605,2022-02-23,USD,31 December,Active,,International,Crowe LLP,84.5,1.38,186.5,1.75,0.96,112,Yes,Coverage top-up — added to reach 72% of group revenue and 65% of group assets,2.23,Order to Cash; Procure to Pay; Tax; Fixed Assets,SAP S/4HANA,Regional development and operations
ALT-0176,Altura Canada Inc.,Canada,Corporation,Operating,3,ALT-0035,"Altura Infra USA, Inc.",ALT-0001 > ALT-0009 > ALT-0035 > ALT-0176,100,100,0,,Voting rights,Full consolidation,Canada,Ontario,Toronto,Corp. 3767956,BN 203555672RC0001,2014-11-28,CAD,31 December,Active,,International,MNP LLP,89.56,1.1,231.67,1.86,1.19,90,Yes,Coverage top-up — added to reach 72% of group revenue and 65% of group assets,2.31,Order to Cash; Procure to Pay; Tax; Fixed Assets,SAP S/4HANA,Regional development and operations
ALT-0177,"Altura México, S.A. de C.V.","México,",Sociedad Anónima de Capital Variable,Operating,3,ALT-0035,"Altura Infra USA, Inc.",ALT-0001 > ALT-0009 > ALT-0035 > ALT-0177,100,100,0,,Voting rights,Full consolidation,Mexico,Nuevo León,Monterrey,RPC 414375,RFC ALT765143949,2015-08-24,MXN,31 December,Active,,International,Salles Sainz Grant Thornton,29,1.04,53.02,0.6,0.27,254,Yes,Coverage top-up — added to reach 72% of group revenue and 65% of group assets,1.36,Order to Cash; Procure to Pay; Tax; Fixed Assets; Payroll (Hire to Retire),SAP S/4HANA,Regional development and operations
ALT-0178,Altura Gulf Energy FZ-LLC,Gulf Energy,Free zone limited liability company,Operating,3,ALT-0036,Altura Middle East FZ-LLC,ALT-0001 > ALT-0009 > ALT-0036 > ALT-0178,100,100,0,,Voting rights,Full consolidation,United Arab Emirates,,Dubai,FZ-03734,TRN 370106479160491,2022-12-15,AED,31 December,Active,,International,Grant Thornton UAE,1.26,0.04,2.77,0.03,0.01,285,No,Not individually significant — below 3% of group revenue and assets,,,SAP S/4HANA,Regional development and operations
ALT-0179,Altura Arabia for Energy LLC,Arabia for Energy,Limited liability company,Operating,3,ALT-0036,Altura Middle East FZ-LLC,ALT-0001 > ALT-0009 > ALT-0036 > ALT-0179,100,100,0,,Voting rights,Full consolidation,Saudi Arabia,,Riyadh,CR 5756319430,VAT 251666465561167,2018-05-03,SAR,31 December,Active,,International,Al Bassam & Co.,44.78,0.57,93,0.93,0.48,326,Yes,Coverage top-up — added to reach 72% of group revenue and 65% of group assets,1.61,Order to Cash; Procure to Pay; Tax; Fixed Assets; Payroll (Hire to Retire),SAP S/4HANA,Regional development and operations
ALT-0180,Altura Qatar LLC,Qatar,Limited liability company,Operating,3,ALT-0036,Altura Middle East FZ-LLC,ALT-0001 > ALT-0009 > ALT-0036 > ALT-0180,100,100,0,,Voting rights,Full consolidation,Qatar,,Doha,CR 640633,TIN 89993375021,2014-03-19,QAR,31 December,Active,,International,Talal Abu Ghazaleh & Co.,74.4,1.28,175.59,1.54,0.9,150,Yes,Coverage top-up — added to reach 72% of group revenue and 65% of group assets,2.07,Order to Cash; Procure to Pay; Tax; Fixed Assets,SAP S/4HANA,Regional development and operations
ALT-0181,Altura Infra Services Middle East FZ-LLC,Infra Services Middle East,Free zone limited liability company,Operating,3,ALT-0036,Altura Middle East FZ-LLC,ALT-0001 > ALT-0009 > ALT-0036 > ALT-0181,100,100,0,,Voting rights,Full consolidation,United Arab Emirates,,Abu Dhabi,FZ-22529,TRN 205378629817431,2016-05-27,AED,31 December,Active,,International,Grant Thornton UAE,10.64,0.26,20.03,0.22,0.1,142,No,Not individually significant — below 3% of group revenue and assets,,,SAP S/4HANA,Regional development and operations
ALT-0182,Altura Renewables Australia Pty Ltd,Renewables Australia,Proprietary limited company,Operating,3,ALT-0037,Altura Australia Pty Ltd,ALT-0001 > ALT-0009 > ALT-0037 > ALT-0182,100,100,0,,Voting rights,Full consolidation,Australia,Victoria,Melbourne,ACN 242861215,ABN 87164393217,2014-05-18,AUD,30 June,Active,,International,Pitcher Partners,7.7,0.07,15.91,0.16,0.08,399,No,Not individually significant — below 3% of group revenue and assets,,,SAP S/4HANA,Renewables development and asset management
ALT-0183,Altura Asset Services Pty Ltd,Asset Services,Proprietary limited company,Operating,3,ALT-0037,Altura Australia Pty Ltd,ALT-0001 > ALT-0009 > ALT-0037 > ALT-0183,100,100,0,,Voting rights,Full consolidation,Australia,Queensland,Brisbane,ACN 076448335,ABN 96657166566,2017-04-13,AUD,30 June,Active,,International,Pitcher Partners,9.48,0.35,20.05,0.2,0.1,24,No,Not individually significant — below 3% of group revenue and assets,,,SAP S/4HANA,Renewables development and asset management
ALT-0184,Altura Energie Deutschland GmbH,Energie Deutschland,Gesellschaft mit beschränkter Haftung (GmbH),Operating,3,ALT-0038,Altura Deutschland GmbH,ALT-0001 > ALT-0009 > ALT-0038 > ALT-0184,100,100,0,,Voting rights,Full consolidation,Germany,,Hamburg,HRB 27288,USt-IdNr. DE746815965,2016-11-10,EUR,31 December,Active,,International,Rödl & Partner GmbH,3.19,0.11,4.51,0.07,0.02,22,No,Not individually significant — below 3% of group revenue and assets,,,SAP S/4HANA,Regional development and operations
ALT-0185,Altura Polska Sp. z o.o.,Polska,Spółka z ograniczoną odpowiedzialnością,Operating,3,ALT-0038,Altura Deutschland GmbH,ALT-0001 > ALT-0009 > ALT-0038 > ALT-0185,100,100,0,,Voting rights,Full consolidation,Poland,,Warsaw,KRS 8093374035,NIP 7320403677,2021-10-28,PLN,31 December,Active,,International,Moore Polska,7.29,0.32,9.13,0.15,0.05,252,No,Not individually significant — below 3% of group revenue and assets,,,SAP S/4HANA,Regional development and operations
ALT-0186,"Altura Iberia, S.L.","Iberia,",Sociedad Limitada,Operating,3,ALT-0038,Altura Deutschland GmbH,ALT-0001 > ALT-0009 > ALT-0038 > ALT-0186,100,100,0,,Voting rights,Full consolidation,Spain,,Madrid,CIF B60524503,ES B42409214,2013-02-21,EUR,31 December,Active,,International,Auren Auditores S.L.,3.51,0.14,6.58,0.07,0.03,347,No,Not individually significant — below 3% of group revenue and assets,,,SAP S/4HANA,Regional development and operations
ALT-0187,Altura Energy Kenya Limited,Energy Kenya,Private limited company,Operating,3,ALT-0040,Altura Africa Holdings Limited,ALT-0001 > ALT-0009 > ALT-0040 > ALT-0187,100,100,0,,Voting rights,Full consolidation,Kenya,,Nairobi,PVT-1346400,PIN P558844490X,2020-03-04,KES,31 December,Active,,International,PKF Kenya LLP,44.25,0.57,86.17,0.92,0.44,338,Yes,Coverage top-up — added to reach 72% of group revenue and 65% of group assets,1.6,Order to Cash; Procure to Pay; Tax; Fixed Assets; Payroll (Hire to Retire),SAP S/4HANA,Regional development and operations
ALT-0188,Altura South Africa (Pty) Ltd,South Africa (Pty),Proprietary limited company,Operating,3,ALT-0040,Altura Africa Holdings Limited,ALT-0001 > ALT-0009 > ALT-0040 > ALT-0188,100,100,0,,Voting rights,Full consolidation,South Africa,,Johannesburg,2016/542383/07,VAT 3256580928,2016-11-11,ZAR,31 December,Active,,International,SNG Grant Thornton,134.52,4.6,338.9,2.79,1.74,49,Yes,Coverage top-up — added to reach 72% of group revenue and 65% of group assets,3.02,Order to Cash; Procure to Pay; Tax; Fixed Assets,SAP S/4HANA,Regional development and operations
ALT-0189,Altura East Africa Services Limited,East Africa Services,Private limited company,Operating,3,ALT-0040,Altura Africa Holdings Limited,ALT-0001 > ALT-0009 > ALT-0040 > ALT-0189,100,100,0,,Voting rights,Full consolidation,Kenya,,Mombasa,PVT-0589067,PIN P549768953X,2013-12-22,KES,31 December,Active,,International,PKF Kenya LLP,41.56,0.26,45.87,0.86,0.24,75,Yes,Coverage top-up — added to reach 72% of group revenue and 65% of group assets,1.56,Order to Cash; Procure to Pay; Tax; Fixed Assets,SAP S/4HANA,Regional development and operations
ALT-0190,Altura Energia do Brasil Ltda.,Energia do Brasil,Sociedade Limitada,Operating,3,ALT-0041,Altura Latam Holdings S.à r.l.,ALT-0001 > ALT-0009 > ALT-0041 > ALT-0190,100,100,0,,Voting rights,Full consolidation,Brazil,,São Paulo,CNPJ 61.886.615/0001-06,IE 597744121,2016-07-06,BRL,31 December,Active,,International,BDO RCS Auditores,20.27,0.86,41.16,0.42,0.21,134,No,Not individually significant — below 3% of group revenue and assets,,,SAP S/4HANA,Regional development and operations
ALT-0191,Altura Energía Chile SpA,Energía Chile,Sociedad por Acciones,Operating,3,ALT-0041,Altura Latam Holdings S.à r.l.,ALT-0001 > ALT-0009 > ALT-0041 > ALT-0191,100,100,0,,Voting rights,Full consolidation,Chile,,Santiago,RUT 14.198.490-4,RUT 67184659-7,2014-07-20,CLP,31 December,Active,,International,Surlatina Auditores,61.12,1.81,71.28,1.27,0.37,103,Yes,Coverage top-up — added to reach 72% of group revenue and 65% of group assets,1.86,Order to Cash; Procure to Pay; Tax; Fixed Assets,SAP S/4HANA,Regional development and operations
ALT-0192,Altura Serviços de Infraestrutura Ltda.,Serviços de Infraestrutura,Sociedade Limitada,Operating,3,ALT-0041,Altura Latam Holdings S.à r.l.,ALT-0001 > ALT-0009 > ALT-0041 > ALT-0192,100,100,0,,Voting rights,Full consolidation,Brazil,,Rio de Janeiro,CNPJ 18.882.087/0001-29,IE 806332357,2012-01-20,BRL,31 December,Active,,International,BDO RCS Auditores,54.33,-0.53,91.1,1.13,0.47,138,Yes,Coverage top-up — added to reach 72% of group revenue and 65% of group assets,1.76,Order to Cash; Procure to Pay; Tax; Fixed Assets,SAP S/4HANA,Regional development and operations
ALT-0193,Altura Japan K.K.,Japan,Kabushiki Kaisha,Operating,3,ALT-0042,Altura Asia Pacific Holdings Pte. Ltd.,ALT-0001 > ALT-0009 > ALT-0042 > ALT-0193,100,100,0,,Voting rights,Full consolidation,Japan,,Tokyo,0844133048368,Corp. No. 3044974547710,2021-12-20,JPY,31 March,Active,,International,Gyosei & Co.,31.56,0.21,60.6,0.65,0.31,324,Yes,Coverage top-up — added to reach 72% of group revenue and 65% of group assets,1.4,Order to Cash; Procure to Pay; Tax; Fixed Assets; Payroll (Hire to Retire),SAP S/4HANA,Regional development and operations
ALT-0194,Altura Asia Services Limited,Asia Services,Private company limited by shares,Operating,3,ALT-0042,Altura Asia Pacific Holdings Pte. Ltd.,ALT-0001 > ALT-0009 > ALT-0042 > ALT-0194,100,100,0,,Voting rights,Full consolidation,Hong Kong,,Hong Kong,CR 9379240,BR 23175883-921,2017-05-04,HKD,31 December,Active,,International,Mazars CPA Limited,14.24,-0.15,35.82,0.3,0.18,412,No,Not individually significant — below 3% of group revenue and assets,,,SAP S/4HANA,Regional development and operations
ALT-0195,Altura Philippines Inc.,Philippines,Stock corporation,Operating,3,ALT-0042,Altura Asia Pacific Holdings Pte. Ltd.,ALT-0001 > ALT-0009 > ALT-0042 > ALT-0195,100,100,0,,Voting rights,Full consolidation,Philippines,,Makati City,SEC CS350517852,TIN 734-266-424-386,2015-02-05,PHP,31 December,Active,,International,Reyes Tacandong & Co.,43.28,-0.39,99.36,0.9,0.51,386,Yes,Coverage top-up — added to reach 72% of group revenue and 65% of group assets,1.58,Order to Cash; Procure to Pay; Tax; Fixed Assets; Payroll (Hire to Retire),SAP S/4HANA,Regional development and operations
ALT-0196,Altura Lanka (Private) Limited,Lanka (Private),Private limited company,Operating,3,ALT-0042,Altura Asia Pacific Holdings Pte. Ltd.,ALT-0001 > ALT-0009 > ALT-0042 > ALT-0196,100,100,0,,Voting rights,Full consolidation,Sri Lanka,,Colombo,PV 827713,TIN 110412532,2019-12-01,LKR,31 December,Active,,International,BDO Partners,12.34,0.19,15.44,0.26,0.08,251,No,Not individually significant — below 3% of group revenue and assets,,,SAP S/4HANA,Regional development and operations
ALT-0197,Altura Digital Labs Pvt Ltd,Digital Labs,Private limited company,Operating,3,ALT-0043,Altura Technology Centre Pvt Ltd,ALT-0001 > ALT-0010 > ALT-0043 > ALT-0197,100,100,0,,Voting rights,Full consolidation,India,Telangana,Hyderabad,U74140TG2014PTC622090,36ATDCE7419N1Z8,2014-09-03,INR,31 March,Active,,Corporate & Shared Services,S. R. Batliboi & Associates LLP,17.99,0.78,29.47,0.37,0.15,258,No,Not individually significant — below 3% of group revenue and assets,,,SAP S/4HANA,Application development and IT security services
ALT-0198,Altura Cyber Services Pvt Ltd,Cyber Services,Private limited company,Operating,3,ALT-0043,Altura Technology Centre Pvt Ltd,ALT-0001 > ALT-0010 > ALT-0043 > ALT-0198,100,100,0,,Voting rights,Full consolidation,India,Telangana,Hyderabad,U74140TG2016PTC747872,36NXSCM9012T1Z3,2016-08-06,INR,31 March,Active,,Corporate & Shared Services,S. R. Batliboi & Associates LLP,14.56,0.66,14.63,0.3,0.08,81,No,Not individually significant — below 3% of group revenue and assets,,,SAP S/4HANA,Application development and IT security services
ALT-0199,Altura Infra Investment Managers Pvt Ltd,Infra Investment Managers,Private limited company,Operating,3,ALT-0045,Altura Infra Finance Pvt Ltd,ALT-0001 > ALT-0011 > ALT-0045 > ALT-0199,100,100,0,,Voting rights,Full consolidation,India,Maharashtra,Mumbai,U74140MH2016PTC310360,27OGUCU3228U1Z3,2016-01-05,INR,31 March,Active,,Corporate & Shared Services,S. R. Batliboi & Associates LLP,28.72,1.19,25.79,0.6,0.13,205,Yes,Coverage top-up — added to reach 72% of group revenue and 65% of group assets,1.35,Procure to Pay; Payroll (Hire to Retire); Treasury; IT General Controls; Fixed Assets,Kyriba,Fund and investment trust management
ALT-0200,Altura InvIT Management Pvt Ltd,InvIT Management,Private limited company,Operating,3,ALT-0045,Altura Infra Finance Pvt Ltd,ALT-0001 > ALT-0011 > ALT-0045 > ALT-0200,100,100,0,,Voting rights,Full consolidation,India,Maharashtra,Mumbai,U74140MH2023PTC646782,27GWECE9156N1Z5,2023-03-14,INR,31 March,Active,,Corporate & Shared Services,S. R. Batliboi & Associates LLP,62.55,3.29,79.96,1.3,0.41,249,Yes,Coverage top-up — added to reach 72% of group revenue and 65% of group assets,1.89,Procure to Pay; Payroll (Hire to Retire); Treasury; IT General Controls; Fixed Assets,Kyriba,Fund and investment trust management
ALT-0201,Altura Malaysia Sdn. Bhd. — Thailand Branch,Malaysia Sdn. Bhd. — Thailand Branch,Sendirian Berhad,Branch,4,ALT-0168,Altura Malaysia Sdn. Bhd.,ALT-0001 > ALT-0009 > ALT-0033 > ALT-0168 > ALT-0201,100,100,,,Branch of the holder,Branch — included in parent,Malaysia,,Bangkok,202101869113,SST 3248993066,2021-04-18,MYR,31 December,Active,,International,Baker Tilly Malaysia,12.2,0.38,4.65,,,33,No,Not consolidated — excluded,,,SAP S/4HANA,Registered branch — no separate legal personality
ALT-0202,Altura Grid Services UK Limited — Netherlands Branch,Grid Services UK Limited — Netherlands Branch,Private limited company,Branch,4,ALT-0172,Altura Grid Services UK Limited,ALT-0001 > ALT-0009 > ALT-0034 > ALT-0172 > ALT-0202,100,100,,,Branch of the holder,Branch — included in parent,United Kingdom,,Rotterdam,CRN 69251411,VAT GB 899075619,2021-04-18,GBP,31 December,Active,,International,BDO LLP,7.45,0.55,1.88,,,39,No,Not consolidated — excluded,,,SAP S/4HANA,Registered branch — no separate legal personality
ALT-0203,Altura Gulf Energy FZ-LLC — Oman Branch,Gulf Energy FZ-LLC — Oman Branch,Free zone limited liability company,Branch,4,ALT-0178,Altura Gulf Energy FZ-LLC,ALT-0001 > ALT-0009 > ALT-0036 > ALT-0178 > ALT-0203,100,100,,,Branch of the holder,Branch — included in parent,United Arab Emirates,,Muscat,FZ-36055,TRN 982520676729498,2018-08-26,AED,31 December,Active,,International,Grant Thornton UAE,11.73,0.13,1.78,,,38,No,Not consolidated — excluded,,,SAP S/4HANA,Registered branch — no separate legal personality
ALT-0204,"Altura Infra Services USA, Inc. — California Branch","Infra Services USA, Inc. — California Branch",Corporation,Branch,4,ALT-0175,"Altura Infra Services USA, Inc.",ALT-0001 > ALT-0009 > ALT-0035 > ALT-0175 > ALT-0204,100,100,,,Branch of the holder,Branch — included in parent,United States,,San Diego,DE File 0506187,EIN 75-5625383,2014-06-10,USD,31 December,Active,,International,Crowe LLP,9.08,0.14,5.43,,,26,No,Not consolidated — excluded,,,SAP S/4HANA,Registered branch — no separate legal personality
ALT-0205,Altura Energia do Brasil Ltda. — Bahia Branch,Energia do Brasil Ltda. — Bahia Branch,Sociedade Limitada,Branch,4,ALT-0190,Altura Energia do Brasil Ltda.,ALT-0001 > ALT-0009 > ALT-0041 > ALT-0190 > ALT-0205,100,100,,,Branch of the holder,Branch — included in parent,Brazil,,Salvador,CNPJ 03.639.525/0001-69,IE 346254805,2017-09-11,BRL,31 December,Active,,International,BDO RCS Auditores,11.13,0.45,5.08,,,25,No,Not consolidated — excluded,,,SAP S/4HANA,Registered branch — no separate legal personality
ALT-0206,Altura Japan K.K. — Osaka Branch,Japan K.K. — Osaka Branch,Kabushiki Kaisha,Branch,4,ALT-0193,Altura Japan K.K.,ALT-0001 > ALT-0009 > ALT-0042 > ALT-0193 > ALT-0206,100,100,,,Branch of the holder,Branch — included in parent,Japan,,Osaka,9472192716035,Corp. No. 0895150379825,2019-10-03,JPY,31 March,Active,,International,Gyosei & Co.,4.37,0.28,1.14,,,26,No,Not consolidated — excluded,,,SAP S/4HANA,Registered branch — no separate legal personality
ALT-0207,Altura Infra Feeder One Ltd,Infra Feeder One,Private company limited by shares,Holding,3,ALT-0039,Altura Mauritius Holdings Ltd,ALT-0001 > ALT-0009 > ALT-0039 > ALT-0207,100,100,0,,Voting rights,Full consolidation,Mauritius,,Ebène,C8990421,TAN 45477385,2022-06-10,USD,31 December,Active,,International,Nexia Baker & Arenson,5.27,-0.79,87.94,0.11,0.45,21,No,Not individually significant — below 3% of group revenue and assets,,,SAP S/4HANA,Investment holding company
ALT-0208,Altura Infra Feeder Two Ltd,Infra Feeder Two,Private company limited by shares,Holding,4,ALT-0207,Altura Infra Feeder One Ltd,ALT-0001 > ALT-0009 > ALT-0039 > ALT-0207 > ALT-0208,100,100,0,,Voting rights,Full consolidation,Mauritius,,Ebène,C8899030,TAN 95233759,2020-06-22,USD,31 December,Active,,International,Nexia Baker & Arenson,8.01,-1.06,20.88,0.17,0.11,24,No,Not individually significant — below 3% of group revenue and assets,,,SAP S/4HANA,Investment holding company
ALT-0209,Altura Yield Assets Pvt Ltd,Yield Assets,Private limited company,Holding,5,ALT-0208,Altura Infra Feeder Two Ltd,ALT-0001 > ALT-0009 > ALT-0039 > ALT-0207 > ALT-0208 > ALT-0209,74,74,26,Sovereign wealth co-investor,Voting rights,Full consolidation,India,Maharashtra,Mumbai,U74140MH2013PTC002755,27JMRCL1729N1Z9,2013-11-21,INR,31 March,Active,,Corporate & Shared Services,S. R. Batliboi & Associates LLP,0.79,2.37,85.18,0.02,0.44,21,No,Not individually significant — below 3% of group revenue and assets,,,Oracle EPM,Investment holding company
ALT-0210,Altura Yield Roads One Pvt Ltd,Yield Roads One,Private limited company,SPV — project,6,ALT-0209,Altura Yield Assets Pvt Ltd,ALT-0001 > ALT-0009 > ALT-0039 > ALT-0207 > ALT-0208 > ALT-0209 > ALT-0210,100,74,0,,Voting rights,Full consolidation,India,Madhya Pradesh,Rewa,U45203MP2020PTC199741,23DMFCS8294S1Z9,2020-01-05,INR,31 March,Active,,Transport,S. R. Batliboi & Associates LLP,16.31,-0.46,72.53,0.34,0.37,41,No,Not individually significant — below 3% of group revenue and assets,,,SAP S/4HANA,Investment holding company
ALT-0211,Altura Yield Roads Services Pvt Ltd,Yield Roads Services,Private limited company,Operating,7,ALT-0210,Altura Yield Roads One Pvt Ltd,ALT-0001 > ALT-0009 > ALT-0039 > ALT-0207 > ALT-0208 > ALT-0209 > ALT-0210 > ALT-0211,100,74,0,,Voting rights,Full consolidation,India,Madhya Pradesh,Rewa,U45203MP2022PTC347140,23BNCCG4509F1Z5,2022-07-18,INR,31 March,Active,,Transport,S. R. Batliboi & Associates LLP,111.59,3.13,337.95,2.32,1.74,64,Yes,Coverage top-up — added to reach 72% of group revenue and 65% of group assets,2.66,Order to Cash; Fixed Assets; Procure to Pay,SAP S/4HANA,Investment holding company
ALT-0212,Altura Infra Feeder Three Ltd,Infra Feeder Three,Private company limited by shares,Holding,3,ALT-0039,Altura Mauritius Holdings Ltd,ALT-0001 > ALT-0009 > ALT-0039 > ALT-0212,100,100,0,,Voting rights,Full consolidation,Mauritius,,Ebène,C3921450,TAN 80977240,2019-01-05,USD,31 December,Active,,International,Nexia Baker & Arenson,3.87,6.71,197.87,0.08,1.02,6,No,Not individually significant — below 3% of group revenue and assets,,,SAP S/4HANA,Investment holding company
ALT-0213,Altura Yield Renewables Pvt Ltd,Yield Renewables,Private limited company,Holding,4,ALT-0212,Altura Infra Feeder Three Ltd,ALT-0001 > ALT-0009 > ALT-0039 > ALT-0212 > ALT-0213,51,51,49,Pension fund co-investor,Voting rights,Full consolidation,India,Karnataka,Bengaluru,U40106KA2014PTC081625,29YINCG8913O1Z6,2014-05-17,INR,31 March,Active,,Renewables,S. R. Batliboi & Associates LLP,2.78,-0.1,98.72,0.06,0.51,21,No,Not individually significant — below 3% of group revenue and assets,,,SAP S/4HANA,Investment holding company
ALT-0214,Altura Yield Solar One Pvt Ltd,Yield Solar One,Private limited company,SPV — project,5,ALT-0213,Altura Yield Renewables Pvt Ltd,ALT-0001 > ALT-0009 > ALT-0039 > ALT-0212 > ALT-0213 > ALT-0214,100,51,0,,Voting rights,Full consolidation,India,Karnataka,Pavagada,U40106KA2012PTC865067,29NUUCW8442Q1Z9,2012-07-17,INR,31 March,Active,,Renewables,S. R. Batliboi & Associates LLP,7.52,0.16,35.16,0.16,0.18,53,No,Not individually significant — below 3% of group revenue and assets,,,SAP S/4HANA,Investment holding company
ALT-0215,Altura Yield Solar Services Pvt Ltd,Yield Solar Services,Private limited company,Operating,6,ALT-0214,Altura Yield Solar One Pvt Ltd,ALT-0001 > ALT-0009 > ALT-0039 > ALT-0212 > ALT-0213 > ALT-0214 > ALT-0215,100,51,0,,Voting rights,Full consolidation,India,Karnataka,Pavagada,U40106KA2012PTC052969,29YCMCT8694B1Z7,2012-10-13,INR,31 March,Active,,Renewables,S. R. Batliboi & Associates LLP,4.48,0.17,18.46,0.09,0.09,105,No,Not individually significant — below 3% of group revenue and assets,,,SAP S/4HANA,Investment holding company
ALT-0216,Suryodaya Renewable Power Pvt Ltd,Suryodaya Renewable Power,Private limited company,Associate,2,ALT-0008,Altura Renewables Limited,ALT-0001 > ALT-0008 > ALT-0216,40,40,,,Significant influence,Equity method,India,Gujarat,Ahmedabad,U40106GJ2023PTC485559,24UOSCC2966X1Z2,2023-08-18,INR,31 March,Active,,Renewables,S. R. Batliboi & Associates LLP,6.71,0.35,26.49,,,59,No,Equity accounted — not consolidated,,,SAP S/4HANA,Associate interest
ALT-0217,Deccan Expressway Development Pvt Ltd,Deccan Expressway Development,Private limited company,Joint venture,2,ALT-0004,Altura Roadways Pvt Ltd,ALT-0001 > ALT-0004 > ALT-0217,50,50,,,Joint control,Equity method,India,Telangana,Hyderabad,U45203TG2021PTC571218,36VEECH5597P1Z0,2021-06-09,INR,31 March,Active,,Transport,S. R. Batliboi & Associates LLP,19.59,0.57,72.98,,,117,No,Equity accounted — not consolidated,,,SAP S/4HANA,Joint venture interest
ALT-0218,Northern Grid Interconnect Pvt Ltd,Northern Grid Interconnect,Private limited company,Associate,2,ALT-0005,Altura Transmission Pvt Ltd,ALT-0001 > ALT-0005 > ALT-0218,26,19.24,,,Significant influence,Equity method,India,Haryana,Gurugram,U40104HR2013PTC736654,06NJFCK1074S1Z3,2013-06-21,INR,31 March,Active,,Transmission & Metering,S. R. Batliboi & Associates LLP,39.57,1.78,125.57,,,26,No,Equity accounted — not consolidated,,,SAP S/4HANA,Associate interest
ALT-0219,Konkan Warehousing Ventures Pvt Ltd,Konkan Warehousing Ventures,Private limited company,Associate,2,ALT-0007,Altura Logistics Parks Pvt Ltd,ALT-0001 > ALT-0007 > ALT-0219,35,35,,,Significant influence,Equity method,India,Maharashtra,Panvel,U63030MH2019PTC748449,27PBZCY7868D1Z6,2019-04-14,INR,31 March,Active,,Logistics,S. R. Batliboi & Associates LLP,3.26,0.18,7.69,,,20,No,Equity accounted — not consolidated,,,SAP S/4HANA,Associate interest
ALT-0220,Emerald Wind Partners B.V.,Emerald Wind Partners,Besloten Vennootschap (B.V.),Joint venture,2,ALT-0009,Altura International Holdings B.V.,ALT-0001 > ALT-0009 > ALT-0220,50,50,,,Joint control,Equity method,Netherlands,,Rotterdam,KvK 80221461,NL357150836B92,2012-08-15,EUR,31 December,Active,,International,Mazars Accountants N.V.,8.31,0.18,13.36,,,25,No,Equity accounted — not consolidated,,,SAP S/4HANA,Joint venture interest
ALT-0221,Sahyadri Water Solutions Pvt Ltd,Sahyadri Water Solutions,Private limited company,Associate,2,ALT-0006,Altura Water Utilities Pvt Ltd,ALT-0001 > ALT-0006 > ALT-0221,30,15.3,,,Significant influence,Equity method,India,Maharashtra,Nashik,U36001MH2014PTC763126,27FUXCN1407P1Z0,2014-04-21,INR,31 March,Active,,Urban Utilities,S. R. Batliboi & Associates LLP,7.53,0.16,26.91,,,12,No,Equity accounted — not consolidated,,,SAP S/4HANA,Associate interest
ALT-0222,Straits Clean Energy Pte. Ltd.,Straits Clean Energy,Private limited company,Joint venture,3,ALT-0033,Altura Energy Singapore Pte. Ltd.,ALT-0001 > ALT-0009 > ALT-0033 > ALT-0222,50,50,,,Joint control,Equity method,Singapore,,Singapore,UEN 201487302K,GST 79881461M,2014-08-06,SGD,31 December,Active,,International,RSM Chio Lim LLP,3.6,0.16,3.9,,,22,No,Equity accounted — not consolidated,,,SAP S/4HANA,Joint venture interest
ALT-0223,Vidyut Storage Systems Pvt Ltd,Vidyut Storage Systems,Private limited company,Associate,3,ALT-0029,Altura Hybrid & Storage Pvt Ltd,ALT-0001 > ALT-0008 > ALT-0029 > ALT-0223,26,26,,,Significant influence,Equity method,India,Karnataka,Bengaluru,U40106KA2020PTC822444,29WZMCK4712D1Z2,2020-02-09,INR,31 March,Active,,Renewables,S. R. Batliboi & Associates LLP,19.74,0.86,63.13,,,100,No,Equity accounted — not consolidated,,,SAP S/4HANA,Associate interest
ALT-0224,Altura–Vidyut Transmission Joint Operation,Altura–Vidyut Transmission Joint Operation,Private limited company,Joint operation,2,ALT-0005,Altura Transmission Pvt Ltd,ALT-0001 > ALT-0005 > ALT-0224,50,37,,,Joint control,Joint operation,India,Rajasthan,Jaipur,U40104RJ2022PTC866854,08RGCCR5749B1Z9,2022-03-23,INR,31 March,Active,,Transmission & Metering,S. R. Batliboi & Associates LLP,13.74,0.64,41,0.29,0.21,228,No,Not individually significant — below 3% of group revenue and assets,,,SAP S/4HANA,Unincorporated joint operation — proportionately consolidated
ALT-0225,Altura Ventures Pvt Ltd,Ventures,Private limited company,Dormant,1,ALT-0001,Altura Infra Holdings Limited,ALT-0001 > ALT-0225,100,100,0,,Voting rights,Full consolidation,India,Maharashtra,Mumbai,U74140MH2013PTC834248,27HBGCA5694R1Z7,2013-02-18,INR,31 March,Dormant,,Corporate & Shared Services,S. R. Batliboi & Associates LLP,0,-0.05,0.17,0,0,0,No,Dormant — no transactions in the period,,,Oracle EPM,Dormant — no transactions in the period
ALT-0226,Altura Realty Holdings Pvt Ltd,Realty Holdings,Private limited company,Dormant,1,ALT-0001,Altura Infra Holdings Limited,ALT-0001 > ALT-0226,100,100,0,,Voting rights,Full consolidation,India,Maharashtra,Mumbai,U74140MH2017PTC625479,27FTACL9164P1Z4,2017-05-12,INR,31 March,Dormant,,Corporate & Shared Services,S. R. Batliboi & Associates LLP,0,-0.07,0.19,0,0,0,No,Dormant — no transactions in the period,,,Oracle EPM,Dormant — no transactions in the period
ALT-0227,Altura Pavements Pvt Ltd,Pavements,Private limited company,Dormant,2,ALT-0004,Altura Roadways Pvt Ltd,ALT-0001 > ALT-0004 > ALT-0227,100,100,0,,Voting rights,Full consolidation,India,Maharashtra,Nagpur,U45203MH2013PTC899229,27JLHCL7319V1Z5,2013-10-16,INR,31 March,Dormant,,Transport,S. R. Batliboi & Associates LLP,0,-0.02,0.03,0,0,0,No,Dormant — no transactions in the period,,,SAP S/4HANA,Dormant — no transactions in the period
ALT-0228,Altura Container Services Pvt Ltd,Container Services,Private limited company,Dormant,2,ALT-0007,Altura Logistics Parks Pvt Ltd,ALT-0001 > ALT-0007 > ALT-0228,100,100,0,,Voting rights,Full consolidation,India,Maharashtra,Navi Mumbai,U63030MH2013PTC267382,27DEZCO9073S1Z2,2013-06-07,INR,31 March,Dormant,,Logistics,S. R. Batliboi & Associates LLP,0,-0.08,0.24,0,0,0,No,Dormant — no transactions in the period,,,SAP S/4HANA,Dormant — no transactions in the period
ALT-0229,Altura Energy Ireland Limited,Energy Ireland,Designated activity company,Dormant,2,ALT-0009,Altura International Holdings B.V.,ALT-0001 > ALT-0009 > ALT-0229,100,100,0,,Voting rights,Full consolidation,Ireland,,Dublin,CRO 661653,IE2244388AA,2018-04-05,EUR,31 December,Dormant,,International,Grant Thornton Ireland,0,-0.02,0.25,0,0,0,No,Dormant — no transactions in the period,,,SAP S/4HANA,Dormant — no transactions in the period
ALT-0230,Altura Capital Suisse AG,Capital Suisse AG,Aktiengesellschaft,Holding,2,ALT-0009,Altura International Holdings B.V.,ALT-0001 > ALT-0009 > ALT-0230,100,100,0,,Voting rights,Full consolidation,Switzerland,,Zug,CHE-393.088.189,MWST 403443,2016-04-22,CHF,31 December,Under liquidation,,International,BDO AG,5.16,-0.57,56.01,0.11,0.29,7,No,Not individually significant — below 3% of group revenue and assets,,,SAP S/4HANA,Members’ voluntary liquidation in progress
ALT-0231,Altura Energy Bangladesh Private Limited,Energy Bangladesh,Private limited company,Operating,3,ALT-0040,Altura Africa Holdings Limited,ALT-0001 > ALT-0009 > ALT-0040 > ALT-0231,100,100,0,,Voting rights,Full consolidation,Bangladesh,,Dhaka,C-379578,BIN 945019216-3449,2020-03-03,BDT,30 June,Under liquidation,,International,Hoda Vasi Chowdhury & Co.,5.83,-1.15,0.87,0.12,0,7,No,Not individually significant — below 3% of group revenue and assets,,,SAP S/4HANA,Members’ voluntary liquidation in progress
ALT-0232,Altura Industrial Estates Pvt Ltd,Industrial Estates,Private limited company,Operating,2,ALT-0007,Altura Logistics Parks Pvt Ltd,ALT-0001 > ALT-0007 > ALT-0232,100,100,,,Voting rights,Not consolidated — held for sale,India,Gujarat,Rajkot,U63030GJ2016PTC747954,24INACT3004G1Z6,2016-10-12,INR,31 March,Held for sale,,Logistics,S. R. Batliboi & Associates LLP,18.99,0.86,82.39,,,81,No,Held for sale — excluded from FY26 scope,,,SAP S/4HANA,Classified as held for sale under Ind AS 105
ALT-0233,Altura Urban Transit Pvt Ltd,Urban Transit,Private limited company,Operating,2,ALT-0004,Altura Roadways Pvt Ltd,ALT-0001 > ALT-0004 > ALT-0233,100,100,,,Voting rights,Not consolidated — held for sale,India,Karnataka,Bengaluru,U45203KA2020PTC581559,29LPHCG5935M1Z4,2020-05-14,INR,31 March,Held for sale,,Transport,S. R. Batliboi & Associates LLP,13.13,0.57,53.58,,,114,No,Held for sale — excluded from FY26 scope,,,SAP S/4HANA,Classified as held for sale under Ind AS 105
ALT-0234,Altura Petro Services Pvt Ltd,Petro Services,Private limited company,Operating,1,ALT-0001,Altura Infra Holdings Limited,ALT-0001 > ALT-0234,0,0,,,Significant influence,Not consolidated — divested,India,Gujarat,Rajkot,U74140GJ2012PTC805199,24AIUCS1932B1Z2,2012-02-04,INR,31 March,Divested during the period,2025-08-14,Corporate & Shared Services,S. R. Batliboi & Associates LLP,4.27,0.86,0,,,0,No,Divested during the period — excluded,,,Oracle EPM,Disposed of during the period
ALT-0235,Altura Energy Poland Sp. z o.o.,Energy Poland,Spółka z ograniczoną odpowiedzialnością,Operating,2,ALT-0009,Altura International Holdings B.V.,ALT-0001 > ALT-0009 > ALT-0235,0,0,,,Significant influence,Not consolidated — divested,Poland,,Kraków,KRS 8424921738,NIP 4177280832,2014-02-05,PLN,31 December,Divested during the period,2025-06-27,International,Moore Polska,15.8,0.01,0,,,0,No,Divested during the period — excluded,,,SAP S/4HANA,Disposed of during the period
ALT-0236,Altura Biomass Pvt Ltd,Biomass,Private limited company,SPV — project,2,ALT-0008,Altura Renewables Limited,ALT-0001 > ALT-0008 > ALT-0236,100,100,0,,Voting rights,Full consolidation,India,Punjab,Bathinda,U40106PB2025PTC618895,03BGWCN4262X1Z9,2025-04-15,INR,31 March,Newly incorporated,,Renewables,S. R. Batliboi & Associates LLP,0,-0.12,7.34,0,0.04,1,No,Incorporated in the period — no transactions to test,,,SAP S/4HANA,Incorporated during the period — no operations yet
ALT-0237,Altura Storage Systems Pvt Ltd,Storage Systems,Private limited company,SPV — project,3,ALT-0029,Altura Hybrid & Storage Pvt Ltd,ALT-0001 > ALT-0008 > ALT-0029 > ALT-0237,100,100,0,,Voting rights,Full consolidation,India,Karnataka,Bengaluru,U40106KA2025PTC682529,29ERLCB1983K1Z5,2025-04-16,INR,31 March,Newly incorporated,,Renewables,S. R. Batliboi & Associates LLP,0,-0.38,5.89,0,0.03,1,No,Incorporated in the period — no transactions to test,,,SAP S/4HANA,Incorporated during the period — no operations yet
ALT-0238,Altura Solar Odisha One Pvt Ltd,Solar Odisha One,Private limited company,SPV — project,3,ALT-0027,Altura Solar Holdings Pvt Ltd,ALT-0001 > ALT-0008 > ALT-0027 > ALT-0238,100,100,0,,Voting rights,Full consolidation,India,Odisha,Angul,U40106OD2025PTC847231,21DPDCL5084Q1Z0,2025-05-25,INR,31 March,Newly incorporated,,Renewables,S. R. Batliboi & Associates LLP,0,-0.37,1.31,0,0.01,3,No,Incorporated in the period — no transactions to test,,,SAP S/4HANA,Incorporated during the period — no operations yet
ALT-0239,Altura Jodhpur Power One Pvt Ltd,Jodhpur Power One,Private limited company,SPV — project,3,ALT-0012,Altura Solar Assets Pvt Ltd,ALT-0001 > ALT-0002 > ALT-0012 > ALT-0239,100,100,0,,Voting rights,Full consolidation,India,Rajasthan,Jodhpur,U40106RJ2018PTC053654,08CUXCX7681T1Z6,2018-02-27,INR,31 March,Active,,Renewables,S. R. Batliboi & Associates LLP,2.83,0.1,11.19,0.06,0.06,13,No,Not individually significant — below 3% of group revenue and assets,,,SAP S/4HANA,186 MW generation
ALT-0240,Altura Patan Power One Pvt Ltd,Patan Power One,Private limited company,SPV — project,3,ALT-0027,Altura Solar Holdings Pvt Ltd,ALT-0001 > ALT-0008 > ALT-0027 > ALT-0240,100,100,0,,Voting rights,Full consolidation,India,Gujarat,Patan,U40106GJ2014PTC649817,24WGACT1888F1Z0,2014-12-19,INR,31 March,Active,,Renewables,S. R. Batliboi & Associates LLP,16.09,0.48,69.86,0.33,0.36,47,No,Not individually significant — below 3% of group revenue and assets,,,SAP S/4HANA,86 MW generation
ALT-0241,Altura Gadag Power One Pvt Ltd,Gadag Power One,Private limited company,SPV — project,3,ALT-0014,Altura Wind Assets Pvt Ltd,ALT-0001 > ALT-0003 > ALT-0014 > ALT-0241,100,100,0,,Voting rights,Full consolidation,India,Karnataka,Gadag,U40106KA2015PTC420987,29DMECQ1346Q1Z6,2015-10-03,INR,31 March,Active,,Renewables,S. R. Batliboi & Associates LLP,15.07,0.77,59.67,0.31,0.31,25,No,Not individually significant — below 3% of group revenue and assets,,,SAP S/4HANA,86 MW generation
ALT-0242,Altura Osmanabad Transco One Pvt Ltd,Osmanabad Transco One,Private limited company,SPV — project,3,ALT-0021,Altura Transmission Assets Pvt Ltd,ALT-0001 > ALT-0005 > ALT-0021 > ALT-0242,100,74,0,,Voting rights,Full consolidation,India,Maharashtra,Osmanabad,U40104MH2022PTC319673,27KQECY1621F1Z5,2022-10-05,INR,31 March,Active,,Transmission & Metering,S. R. Batliboi & Associates LLP,0.98,0.06,2.36,0.02,0.01,27,No,Not individually significant — below 3% of group revenue and assets,,,SAP S/4HANA,"220 kV transmission line, 197 ckm"
ALT-0243,Altura Jodhpur Logistics One Pvt Ltd,Jodhpur Logistics One,Private limited company,SPV — project,3,ALT-0025,Altura Warehousing Assets Pvt Ltd,ALT-0001 > ALT-0007 > ALT-0025 > ALT-0243,100,100,0,,Voting rights,Full consolidation,India,Rajasthan,Jodhpur,U63030RJ2012PTC365055,08SGXCA1479X1Z0,2012-09-04,INR,31 March,Active,,Logistics,S. R. Batliboi & Associates LLP,7.33,0.31,27.68,0.15,0.14,13,No,Not individually significant — below 3% of group revenue and assets,,,SAP S/4HANA,8 lakh sq ft warehousing
ALT-0244,Altura Sambalpur Highways One Pvt Ltd,Sambalpur Highways One,Private limited company,SPV — project,3,ALT-0016,Altura Expressways Pvt Ltd,ALT-0001 > ALT-0004 > ALT-0016 > ALT-0244,100,100,0,,Voting rights,Full consolidation,India,Odisha,Sambalpur,U45203OD2017PTC702335,21OTUCO1526Z1Z3,2017-12-12,INR,31 March,Active,,Transport,S. R. Batliboi & Associates LLP,19.07,0.24,80.85,0.4,0.42,16,No,Not individually significant — below 3% of group revenue and assets,,,SAP S/4HANA,95 km road concession
ALT-0245,Altura Muzaffarpur Highways One Pvt Ltd,Muzaffarpur Highways One,Private limited company,SPV — project,3,ALT-0017,Altura Highway Concessions Pvt Ltd,ALT-0001 > ALT-0004 > ALT-0017 > ALT-0245,100,100,0,,Voting rights,Full consolidation,India,Bihar,Muzaffarpur,U45203BR2015PTC158958,10QROCI9290U1Z0,2015-03-25,INR,31 March,Active,,Transport,S. R. Batliboi & Associates LLP,14.46,0.28,72.53,0.3,0.37,22,No,Not individually significant — below 3% of group revenue and assets,,,SAP S/4HANA,42 km road concession
ALT-0246,Altura Osmanabad Power One Pvt Ltd,Osmanabad Power One,Private limited company,SPV — project,3,ALT-0029,Altura Hybrid & Storage Pvt Ltd,ALT-0001 > ALT-0008 > ALT-0029 > ALT-0246,100,100,0,,Voting rights,Full consolidation,India,Maharashtra,Osmanabad,U40106MH2018PTC433288,27WJACD3707E1Z6,2018-05-02,INR,31 March,Active,,Renewables,S. R. Batliboi & Associates LLP,2.66,0.09,11.77,0.06,0.06,5,No,Not individually significant — below 3% of group revenue and assets,,,SAP S/4HANA,160 MW generation
ALT-0247,Altura Jodhpur Power Two Pvt Ltd,Jodhpur Power Two,Private limited company,SPV — project,3,ALT-0012,Altura Solar Assets Pvt Ltd,ALT-0001 > ALT-0002 > ALT-0012 > ALT-0247,100,100,0,,Voting rights,Full consolidation,India,Rajasthan,Jodhpur,U40106RJ2023PTC047010,08LMUCW9413J1Z1,2023-12-21,INR,31 March,Active,,Renewables,S. R. Batliboi & Associates LLP,3,0.09,14.47,0.06,0.07,36,No,Not individually significant — below 3% of group revenue and assets,,,SAP S/4HANA,99 MW generation
ALT-0248,Altura Patan Power Two Pvt Ltd,Patan Power Two,Private limited company,SPV — project,3,ALT-0027,Altura Solar Holdings Pvt Ltd,ALT-0001 > ALT-0008 > ALT-0027 > ALT-0248,100,100,0,,Voting rights,Full consolidation,India,Gujarat,Patan,U40106GJ2021PTC883168,24XJPCS8247X1Z9,2021-12-04,INR,31 March,Active,,Renewables,S. R. Batliboi & Associates LLP,4.4,0.12,22.81,0.09,0.12,33,No,Not individually significant — below 3% of group revenue and assets,,,SAP S/4HANA,98 MW generation
ALT-0249,Altura Gadag Power Two Pvt Ltd,Gadag Power Two,Private limited company,SPV — project,3,ALT-0014,Altura Wind Assets Pvt Ltd,ALT-0001 > ALT-0003 > ALT-0014 > ALT-0249,100,100,0,,Voting rights,Full consolidation,India,Karnataka,Gadag,U40106KA2020PTC562305,29WVZCK9137H1Z8,2020-06-28,INR,31 March,Active,,Renewables,S. R. Batliboi & Associates LLP,3.25,-0.05,11.04,0.07,0.06,6,No,Not individually significant — below 3% of group revenue and assets,,,SAP S/4HANA,87 MW generation
ALT-0250,Altura Osmanabad Transco Two Pvt Ltd,Osmanabad Transco Two,Private limited company,SPV — project,3,ALT-0021,Altura Transmission Assets Pvt Ltd,ALT-0001 > ALT-0005 > ALT-0021 > ALT-0250,100,74,0,,Voting rights,Full consolidation,India,Maharashtra,Osmanabad,U40104MH2017PTC522809,27ARVCJ3368S1Z6,2017-12-13,INR,31 March,Active,,Transmission & Metering,S. R. Batliboi & Associates LLP,7.24,0.43,24,0.15,0.12,8,No,Not individually significant — below 3% of group revenue and assets,,,SAP S/4HANA,"220 kV transmission line, 126 ckm"
ALT-0251,Altura Jodhpur Logistics Two Pvt Ltd,Jodhpur Logistics Two,Private limited company,SPV — project,3,ALT-0025,Altura Warehousing Assets Pvt Ltd,ALT-0001 > ALT-0007 > ALT-0025 > ALT-0251,100,100,0,,Voting rights,Full consolidation,India,Rajasthan,Jodhpur,U63030RJ2023PTC001579,08CLFCN8162Y1Z3,2023-06-22,INR,31 March,Active,,Logistics,S. R. Batliboi & Associates LLP,0.96,0.06,2.36,0.02,0.01,10,No,Not individually significant — below 3% of group revenue and assets,,,SAP S/4HANA,6 lakh sq ft warehousing
ALT-0252,Altura Sambalpur Highways Two Pvt Ltd,Sambalpur Highways Two,Private limited company,SPV — project,3,ALT-0016,Altura Expressways Pvt Ltd,ALT-0001 > ALT-0004 > ALT-0016 > ALT-0252,100,100,0,,Voting rights,Full consolidation,India,Odisha,Sambalpur,U45203OD2023PTC998021,21GDGCA2679N1Z5,2023-10-23,INR,31 March,Active,,Transport,S. R. Batliboi & Associates LLP,14.63,-0.26,67.98,0.3,0.35,53,No,Not individually significant — below 3% of group revenue and assets,,,SAP S/4HANA,112 km road concession
ALT-0253,Altura Muzaffarpur Highways Two Pvt Ltd,Muzaffarpur Highways Two,Private limited company,SPV — project,3,ALT-0017,Altura Highway Concessions Pvt Ltd,ALT-0001 > ALT-0004 > ALT-0017 > ALT-0253,100,100,0,,Voting rights,Full consolidation,India,Bihar,Muzaffarpur,U45203BR2022PTC538495,10INPCO1165U1Z5,2022-04-04,INR,31 March,Active,,Transport,S. R. Batliboi & Associates LLP,3.72,0.15,10.54,0.08,0.05,51,No,Not individually significant — below 3% of group revenue and assets,,,SAP S/4HANA,41 km road concession
ALT-0254,Altura Osmanabad Power Two Pvt Ltd,Osmanabad Power Two,Private limited company,SPV — project,3,ALT-0029,Altura Hybrid & Storage Pvt Ltd,ALT-0001 > ALT-0008 > ALT-0029 > ALT-0254,100,100,0,,Voting rights,Full consolidation,India,Maharashtra,Osmanabad,U40106MH2019PTC915347,27GWQCP2922D1Z9,2019-09-19,INR,31 March,Active,,Renewables,S. R. Batliboi & Associates LLP,2.53,0.13,7.97,0.05,0.04,40,No,Not individually significant — below 3% of group revenue and assets,,,SAP S/4HANA,197 MW generation
